SKU,Name,Parent SKU,Min - Max,Type,Default price,Extra price,Accounting group,Menu/Screen,Button name,Button color,Button style,Barcode,Cost price,Package content (stock management),Package unit (stock management),Weight,"Tare (grams, selling by weight)",Sharing status,Docket name,Course,Statistics group,Production instruction
SVC1,Service charge 12.5%,,,item,12.5%,,Misc,Menu/Msgs - Func,Service charge 12.5%,BLUE,Accent,,,,,,,GLOBAL,,,Misc/Misc,
BEE.CID.HLF.001,Camden Hells Lager Half P.,,,item,3.6,,Drinks,,Camden Hells Lager Half P.,ORANGE,Accent,,,284.00000,ML,,,LOCAL,,,Beer/Draught,
BEE.CID.HLF.002,Camden Stout Half P.,,,item,3.6,,Drinks,,Camden Stout Half P.,ORANGE,Accent,,,284.00000,ML,,,LOCAL,,,Beer/Draught,
BEE.CID.HLF.003,XPA Pale - Half,,,item,3.6,,Drinks,,XPA Pale Half P.,ORANGE,Accent,,,284.00000,ML,,,LOCAL,,,Beer/Draught,
BEE.CID.PNT.001,Camden Hells Lager Pint,,,item,7.0,,Drinks,,Camden Hells Lager Pint,ORANGE,Accent,,,568.00000,ML,,,LOCAL,,,Beer/Draught,
BEE.CID.PNT.002,Camden Stout Pint,,,item,7.0,,Drinks,,Camden Stout Pint,ORANGE,Accent,,,568.00000,ML,,,LOCAL,,,Beer/Draught,
BEE.CID.PNT.003,XPA Pale Pint,,,item,7.0,,Drinks,,House Pale Pint,ORANGE,Accent,,,568.00000,ML,,,LOCAL,,,Beer/Draught,
BEE.CID.4PNT.001,Camden Hells Lager Pitcher,,,item,27.0,,Drinks,,Camden Hells Lager Pitcher,ORANGE,Accent,,,2273.00000,ML,,,LOCAL,,,Beer/Draught,
BEE.CID.KEG.001,Camden Hells Lager Keg,,,item,,,Drinks,,Camden Hells Lager Keg,BLUE,Accent,,,,,,,LOCAL,,,Beer/Draught,
BEE.CID.KEG.002,Camden Stout Keg,,,item,,,Drinks,,Camden Stout Keg,BLUE,Accent,,,,,,,LOCAL,,,Beer/Draught,
BEE.CID.001,Asahi Super Dry,,,item,4.8,,Drinks,Menu/Beer & Cider,Asahi Super Dry,YELLOW,Accent,,,330.00000,ML,,,LOCAL,,,Beer/Bottle,
BEE.CID.002,Big Drop Citrus IPA Non Alc,,,item,4.7,,Drinks,Menu/Beer & Cider,Big Drop Citrus IPA Non Alc,CYAN,Accent,,,330.00000,ML,,,LOCAL,,,Beer/Bottle,
BEE.CID.003,Corona Zero,,,item,4.0,,Drinks,Menu/Beer & Cider,Corona Cero,CYAN,Accent,,,330.00000,ML,,,LOCAL,,,Beer/Bottle,
BEE.CID.004,Fresh AF IPA Non Alc,,,item,6.0,,Drinks,Menu/Beer & Cider,Fresh AF IPA Non Alc,CYAN,Background,,,440.00000,ML,,,LOCAL,,,Beer/Bottle,
BEE.CID.005,Leffe Blonde,,,item,6.0,,Drinks,,Leffe Blonde,YELLOW,Accent,,,330.00000,ML,,,LOCAL,,,Beer/Bottle,
BEE.CID.006,Lowrise Lager GF,,,item,5.5,,Drinks,Menu/Beer & Cider,Lowrise Lager GF,BROWN,Background,,,330.00000,ML,,,LOCAL,,,Beer/Bottle,
BEE.CID.007,Corona,,,item,4.8,,Drinks,Menu/Beer & Cider,Corona,YELLOW,Accent,,,330.00000,ML,,,LOCAL,,,Beer/Can,
BEE.CID.008,Fuzzy Hazy Pale,,,item,7.0,,Drinks,Menu/Beer & Cider,Fuzzy Hazy Pale 🥫,CYAN,Background,,,440.00000,ML,,,LOCAL,,,Beer/Can,
BEE.CID.009,Happy Easy Pale,,,item,7.0,,Drinks,Menu/Beer & Cider,Happy Easy Pale 🥫,CYAN,Background,,,440.00000,ML,,,LOCAL,,,Beer/Can,
BEE.CID.010,Lowrise Pale GF,,,item,5.5,,Drinks,Menu/Beer & Cider,Lowrise Pale GF,BROWN,Background,,,330.00000,ML,,,LOCAL,,,Beer/Can,
BEE.CID.011,Lucky Saint Lager,,,item,4.8,,Drinks,,Lucky Saint Lager,PINK,Accent,,,330.00000,ML,,,LOCAL,,,Beer/Can,
BEE.CID.012,Lucky Saint Lager Non Alc,,,item,4.8,,Drinks,Menu/Beer & Cider,Lucky Saint Lager Non Alc,BLUE,Background,,,330.00000,ML,,,LOCAL,,,Beer/Can,
BEE.CID.013,Paloma Breeze Sour Beer,,,item,7.8,,Drinks,,Paloma Breeze Sour Beer,PINK,Accent,,,440.00000,ML,,,LOCAL,,,Beer/Can,
BEE.CID.014,Piccadilly Pilsner,,,item,7.0,,Drinks,Menu/Beer & Cider,Piccadilly Pilsner 🥫,CYAN,Background,,,440.00000,ML,,,LOCAL,,,Beer/Can,
BEE.CID.015,Olivers Cider,,,item,7.0,,Drinks,Menu/Beer & Cider,Olivers Cider,DARK_RED,Background,,,330.00000,ML,,,LOCAL,,,Cider/Bottle,
BEE.CID.016,Koppaberg Mixed Fruits Alc Free,,,item,5.2,,Drinks,Menu/Beer & Cider,Koppaberg Mixed Fruits Alc Free,DARK_RED,Accent,,,500.00000,ML,,,LOCAL,,,Cider/Bottle,
BEE.CID.017,Rekorderlig Strawberry & Lime,,,item,6.5,,Drinks,Menu/Beer & Cider,Rekorderlig Strawberry & Lime,DARK_RED,Background,,,500.00000,ML,,,LOCAL,,,Cider/Bottle,
CTL.023,Penicilllin 2.0,,,item,11.0,,Drinks,Menu/Cocktails & Warmers,Penicilllin 2.0,BLUE,Accent,,,1.00000,1,,,LOCAL,,,Drinks/Cocktails,
CTL.024,Pimms & Lemonade,,,item,8.5,,Drinks,Menu/Cocktails & Warmers,Pimms & Lemonade,BLUE,Accent,,,1.00000,1,,,LOCAL,,,Drinks/Cocktails,
CTL.025,Pimms & Lemonade - Jug,,,item,22.0,,Drinks,Menu/Cocktails & Warmers,Pimms & Lemonade - Jug,BLUE,Accent,,,1.00000,1,,,LOCAL,,,Drinks/Cocktails,
CTL.026,Royal Flush,,,item,10.0,,Drinks,Menu/Cocktails & Warmers,Plonkers Punch,BLUE,Accent,,,1.00000,1,,,LOCAL,,,Drinks/Cocktails,
CTL.028,Ranch Water,,,item,7.0,,Drinks,Menu/Cocktails & Warmers,Ranch Water,BLUE,Accent,,,1.00000,1,,,LOCAL,,,Drinks/Cocktails,
CTL.029,Solero Colada,,,item,11.0,,Drinks,,Solero Colada,BLUE,Accent,,,1.00000,1,,,LOCAL,,,Drinks/Cocktails,
CTL.030,Spicy Cucumber Margarita,,,item,11.0,,Drinks,Menu/Cocktails & Warmers,Spicy Cucumber Margarita,BLUE,Accent,,,1.00000,1,,,LOCAL,,,Drinks/Cocktails,
CTL.031,Tall Seltz - Amaro,,,item,0.0,,Drinks,,Tall Seltz - Amaro,BLUE,Accent,,,1.00000,1,,,LOCAL,,,Drinks/Cocktails,
CTL.032,Tall Seltz - Campari,,,item,0.0,,Drinks,,Tall Seltz - Campari,BLUE,Accent,,,1.00000,1,,,LOCAL,,,Drinks/Cocktails,
CTL.033,Tall Seltz - Cocchi,,,item,0.0,,Drinks,,Tall Seltz - Cocchi,BLUE,Accent,,,1.00000,1,,,LOCAL,,,Drinks/Cocktails,
CTL.034,Tall Seltz - Cynar,,,item,0.0,,Drinks,,Tall Seltz - Cynar,BLUE,Accent,,,1.00000,1,,,LOCAL,,,Drinks/Cocktails,
CTL.035,Tall Seltz - El Bandaderra,,,item,0.0,,Drinks,,Tall Seltz - El Bandaderra,BLUE,Accent,,,1.00000,1,,,LOCAL,,,Drinks/Cocktails,
CTL.036,Tall Seltz - Limoncello,,,item,0.0,,Drinks,,Tall Seltz - Limoncello,BLUE,Accent,,,1.00000,1,,,LOCAL,,,Drinks/Cocktails,
CTL.037,Tommys Margarita,,,item,11.0,,Drinks,Menu/Cocktails & Warmers,Tommys Margarita,BLUE,Accent,,,1.00000,1,,,LOCAL,,,Drinks/Cocktails,
CTL.038,Whiskey Sour,,,item,11.0,,Drinks,Menu/Cocktails & Warmers,Whiskey Sour,BLUE,Accent,,,1.00000,1,,,LOCAL,,,Drinks/Cocktails,
MCT.001,Bloody Mary Mocktail,,,item,5.5,,Drinks,"Menu/Cocktails & Warmers/Mocktails,Menu/Softs - Hot Drinks/MOCKTAILS",Bloody Mary Mocktail,BLUE,Accent,,,,,,,LOCAL,,,Drinks/Mocktails,
MCT.002,Mojito Mocktail,,,item,5.5,,Drinks,"Menu/Cocktails & Warmers/Mocktails,Menu/Softs - Hot Drinks/MOCKTAILS",Mojito Mocktail,BLUE,Accent,,,,,,,LOCAL,,,Drinks/Mocktails,
MCT.003,Plonker's Punch Mocktail,,,item,5.5,,Drinks,"Menu/Cocktails & Warmers/Mocktails,Menu/Softs - Hot Drinks/MOCKTAILS",Plonker's Punch Mocktail,BLUE,Accent,,,,,,,LOCAL,,,Drinks/Mocktails,
MCT.004,Solero Colada Mocktail,,,item,5.5,,Drinks,"Menu/Cocktails & Warmers/Mocktails,Menu/Softs - Hot Drinks/MOCKTAILS",Solero Colada Mocktail,BLUE,Accent,,,,,,,LOCAL,,,Drinks/Mocktails,
W.125ml.001,125ml Blanco Blanco White,,,item,7.0,,Drinks,,125ml,WHITE,Accent,,,125.00000,ML,,,LOCAL,,,Drinks/Wines,
W.BOT.001,Blanco Blanco White Btl,,,item,40.0,,Drinks,,Bottle,WHITE,Accent,,,750.00000,ML,,,LOCAL,,,Drinks/Wines,
W.125ml.002,125ml Doom Juice Rose,,,item,7.0,,Drinks,,125ml,PINK,Accent,,,125.00000,ML,,,LOCAL,,,Drinks/Wines,
W.BOT.002,Doom Juice Rose Btl,,,item,40.0,,Drinks,,Bottle,BLUE,Accent,,,750.00000,ML,,,LOCAL,,,Drinks/Wines,
W.125ml.003,125ml Top Cuvee Rose,,,item,7.0,,Drinks,,125ml,PINK,Accent,,,125.00000,ML,,,LOCAL,,,Drinks/Wines,
W.BOT.003,Top Cuvee Rose Btl,,,item,40.0,,Drinks,,Bottle,BLUE,Accent,,,750.00000,ML,,,LOCAL,,,Drinks/Wines,
W.125ml.004,125ml House Top Cuvee Orange,,,item,7.0,,Drinks,,125ml,ORANGE,Accent,,,125.00000,ML,,,LOCAL,,,Drinks/Wines,
W.BOT.004,House Top Cuvee Orange Btl,,,item,40.0,,Drinks,,Bottle,BLUE,Accent,,,750.00000,ML,,,LOCAL,,,Drinks/Wines,
W.125ml.005,125ml Los Conejos Malditos Red,,,item,7.0,,Drinks,,125ml,DARK_RED,Accent,,,125.00000,ML,,,LOCAL,,,Drinks/Wines,
W.BOT.005,Los Conejos Malditos Red Btl,,,item,40.0,,Drinks,,Bottle,BLUE,Accent,,,750.00000,ML,,,LOCAL,,,Drinks/Wines,
W.BOT.006,Mini Prosecco Btl,,,item,8.5,,Drinks,Menu/Wines - Prosecco,Mini Prosecco Btl 🍾,BROWN,Accent,,,200.00000,ML,,,LOCAL,,,Drinks/Wines,
W.BOT.007,Prosecco Btl,,,item,35.0,,Drinks,Menu/Wines - Prosecco,Prosecco Btl 🍾,BROWN,Accent,,,750.00000,ML,,,LOCAL,,,Drinks/Wines,
W.BOT.008,Doom Juice Fizz Rose Btl,,,item,40.0,,Drinks,Menu/Wines - Prosecco,Doom Juice Fizz Rose Btl,PINK,Accent,,,750.00000,ML,,,LOCAL,,,Drinks/Wines,
W.BOT.009,"Favonius, Skin Contact, Orange Btl",,,item,40.0,,Drinks,Menu/Wines - Prosecco,"Favonius, Skin Contact, Orange Btl",ORANGE,Accent,,,750.00000,ML,,,LOCAL,,,Drinks/Wines,
W.BOT.010,Doom Juice Rouge Red Chilled Btl,,,item,40.0,,Drinks,Menu/Wines - Prosecco,Doom Juice Rouge Red Chilled Btl,LIGHT_RED,Accent,,,750.00000,ML,,,LOCAL,,,Drinks/Wines,
W.BOT.011,"Gueule D'Amour, Red Chilled Btl",,,item,40.0,,Drinks,Menu/Wines - Prosecco,"Gueule D'Amour, Red Chilled Btl",LIGHT_RED,Accent,,,750.00000,ML,,,LOCAL,,,Drinks/Wines,
W.BOT.012,Shiraz Red Btl,,,item,0.0,,Drinks,,Shiraz Red,BLUE,Accent,,,750.00000,ML,,,LOCAL,,,Drinks/Wines,
W.BOT.013,Vigna Rose Red Chilled Sparkling Btl,,,item,40.0,,Drinks,Menu/Wines - Prosecco,Vigna Rose Red Chilled Sparkling Btl,LIGHT_RED,Accent,,,750.00000,ML,,,LOCAL,,,Drinks/Wines,
STS.001,Cherry Bakewell Shooter,,,item,6.0,,Drinks,Menu/Shots,Cherry Bakewell Shooter,GREEN,Accent,,,,,,,LOCAL,,,Spirits/Shots,
STS.002,Devils Botany Shooter,,,item,6.0,,Drinks,Menu/Shots,Devils Botany Shooter,GREEN,Accent,,,,,,,LOCAL,,,Spirits/Shots,
STS.003,Fireback Shooter,,,item,6.0,,Drinks,Menu/Shots,Fireback Shooter,GREEN,Accent,,,,,,,LOCAL,,,Spirits/Shots,
STS.004,Jägerbomb,,,item,7.0,,Drinks,Menu/Shots,Jägerbomb,GREEN,Accent,,,,,,,LOCAL,,,Spirits/Shots,
STS.005,Baby Guinness,,,item,5.0,,Drinks,Menu/Shots,Baby Guinness,GREEN,Accent,,,,,,,LOCAL,,,Spirits/Shots,
STS.006,Pickleback,,,item,5.0,,Drinks,Menu/Shots,Pickleback,GREEN,Accent,,,,,,,LOCAL,,,Spirits/Shots,
SPI.25ml.011,25ml Beefeater Pink,,,item,5.0,,Drinks,,25ml Beefeater Pink,BLUE,Accent,,,25.00000,ML,,,LOCAL,,,Spirits/Gin,
SPI.25ml.012,25ml Bitter Truth,,,item,4.0,,Drinks,,25ml Bitter Truth,BLUE,Accent,,,25.00000,ML,,,LOCAL,,,Spirits/Liqueur,
SPI.25ml.013,25ml Bulleit Bourbon,,,item,7.5,,Drinks,,25ml Bulleit Bourbon,BLUE,Accent,,,25.00000,ML,,,LOCAL,,,Spirits/Whisk(e)y,
SPI.25ml.014,25ml Cachaca Pindorama,,,item,7.0,,Drinks,,25ml Cachaca Pindorama,BLUE,Accent,,,25.00000,ML,,,LOCAL,,,Spirits/Rum,
SPI.25ml.015,25ml Campari Bitter,,,item,4.0,,Drinks,,25ml Campari Bitter,BLUE,Accent,,,25.00000,ML,,,LOCAL,,,Spirits/Aperitif,
SPI.25ml.016,25ml Cazcabel Blanco,,,item,5.0,,Drinks,Menu/Shots,25ml Cazcabel Blanco,DARK_GRAY,Background,,,25.00000,ML,,,LOCAL,,,Spirits/Absinthe - Tequila - Mezcal,
SPI.25ml.017,25ml Cazcabel Coconut,,,item,5.0,,Drinks,Menu/Shots,25ml Cazcabel Coconut,DARK_GRAY,Background,,,25.00000,ML,,,LOCAL,,,Spirits/Absinthe - Tequila - Mezcal,
SPI.25ml.018,25ml Cazcabel Coffee,,,item,5.0,,Drinks,Menu/Shots,25ml Cazcabel Coffee,DARK_GRAY,Background,,,25.00000,ML,,,LOCAL,,,Spirits/Absinthe - Tequila - Mezcal,
SPI.25ml.019,25ml Cazcabel Honey,,,item,5.0,,Drinks,Menu/Shots,25ml Cazcabel Honey,DARK_GRAY,Background,,,25.00000,ML,,,LOCAL,,,Spirits/Absinthe - Tequila - Mezcal,
SPI.25ml.020,25ml Cazcabel Reposado,,,item,5.0,,Drinks,Menu/Shots,25ml Cazcabel Reposado,DARK_GRAY,Background,,,25.00000,ML,,,LOCAL,,,Spirits/Absinthe - Tequila - Mezcal,
SPI.25ml.021,25ml Chivas Regal,,,item,7.0,,Drinks,,25ml Chivas Regal,BLUE,Accent,,,25.00000,ML,,,LOCAL,,,Spirits/Whisk(e)y,
SPI.25ml.022,25ml Cocchi Vermouth,,,item,4.0,,Drinks,,25ml Cocchi Vermouth,BLUE,Accent,,,25.00000,ML,,,LOCAL,,,Spirits/Vermouth,
SPI.25ml.023,25ml Cointreau Orange Liqueur,,,item,7.0,,Drinks,,25ml Cointreau Orange Liqueur,BLUE,Accent,,,25.00000,ML,,,LOCAL,,,Spirits/Liqueur,
SPI.25ml.024,25ml Courvoisier VSOP Cognac,,,item,6.5,,Drinks,,25ml Courvoisier VSOP Cognac,BLUE,Accent,,,25.00000,ML,,,LOCAL,,,Spirits/Brandy - Cognac,
SPI.25ml.025,25ml Cut Spiced Rum,,,item,6.0,,Drinks,,25ml Cut Spiced Rum,BLUE,Accent,,,25.00000,ML,,,LOCAL,,,Spirits/Rum,
SPI.25ml.026,25ml Cynar vermouth,,,item,4.0,,Drinks,,25ml Cynar vermouth,BLUE,Accent,,,25.00000,ML,,,LOCAL,,,Spirits/Vermouth,
SPI.25ml.027,25ml Devils Botany Absinthe 24% Chocolate Liqueur,,,item,5.5,,Drinks,,25ml Devils Botany Absinthe 24% Chocolate Liqueur,BLUE,Accent,,,25.00000,ML,,,LOCAL,,,Spirits/Absinthe - Tequila - Mezcal,
SPI.25ml.028,25ml Devils Botany Absinthe 45%,,,item,6.0,,Drinks,,25ml Devils Botany Absinthe 45%,BLUE,Accent,,,25.00000,ML,,,LOCAL,,,Spirits/Absinthe - Tequila - Mezcal,
SPI.25ml.029,25ml Devils Botany Absinthe 63%,,,item,7.0,,Drinks,,25ml Devils Botany Absinthe 63%,BLUE,Accent,,,25.00000,ML,,,LOCAL,,,Spirits/Absinthe - Tequila - Mezcal,
SPI.25ml.030,25ml Diplomatico Reserva Exclusiva Dark Rum,,,item,7.0,,Drinks,,25ml Diplomatico Reserva Exclusiva Dark Rum,BLUE,Accent,,,25.00000,ML,,,LOCAL,,,Spirits/Rum,
SPI.25ml.031,25ml Disaronno Amaretto,,,item,5.0,,Drinks,,25ml Disaronno Amaretto,BLUE,Accent,,,25.00000,ML,,,LOCAL,,,Spirits/Liqueur,
SPI.25ml.032,25ml Fernet Branca,,,item,5.0,,Drinks,,25ml Fernet Branca,BLUE,Accent,,,25.00000,ML,,,LOCAL,,,Spirits/Aperitif,
SPI.25ml.033,25ml Four Roses Bourbon,,,item,5.0,,Drinks,,25ml Four Roses Bourbon,BLUE,Accent,,,25.00000,ML,,,LOCAL,,,Spirits/Whisk(e)y,
SPI.25ml.034,25ml Golden Falernum,,,item,5.0,,Drinks,,25ml Goolden Falernum,BLUE,Accent,,,25.00000,ML,,,LOCAL,,,Spirits/Liqueur,
SPI.25ml.035,25ml Grey Goose Vodka,,,item,7.5,,Drinks,,25ml Grey Goose Vodka,BLUE,Accent,,,25.00000,ML,,,LOCAL,,,Spirits/Vodka,
SPI.25ml.036,25ml Hanbury Gin,,,item,6.0,,Drinks,,25ml Hanbury Gin,BLUE,Accent,,,25.00000,ML,,,LOCAL,,,Spirits/Gin,
SPI.25ml.037,25ml Havana Club 3 Year Old White Rum,,,item,6.0,,Drinks,,25ml Havana Club 3 Year Old White Rum,BLUE,Accent,,,25.00000,ML,,,LOCAL,,,Spirits/Rum,
SPI.25ml.038,25ml Havana Club 7 Year Old Dark Rum,,,item,6.0,,Drinks,,25ml Havana Club 7 Year Old Dark Rum,BLUE,Accent,,,25.00000,ML,,,LOCAL,,,Spirits/Rum,
SPI.25ml.039,25ml Havana Club Anejo Especial Rum,,,item,6.0,,Drinks,,25ml Havana Club Anejo Especial Rum,BLUE,Accent,,,25.00000,ML,,,LOCAL,,,Spirits/Rum,
SPI.25ml.040,25ml Havana Especial,,,item,6.0,,Drinks,,25ml Havana Especial,BLUE,Accent,,,25.00000,ML,,,LOCAL,,,Spirits/Rum,
SPI.25ml.041,25ml Hennessy,,,item,7.0,,Drinks,,25ml Hennessy,BLUE,Accent,,,25.00000,ML,,,LOCAL,,,Spirits/Brandy - Cognac,
SPI.25ml.042,25ml Italicus,,,item,4.7,,Drinks,,25ml Italicus,BLUE,Accent,,,25.00000,ML,,,LOCAL,,,Spirits/Liqueur,
SPI.25ml.043,25ml Jack Daniels,,,item,6.0,,Drinks,,25ml Jack Daniels,BLUE,Accent,,,25.00000,ML,,,LOCAL,,,Spirits/Whisk(e)y,
SPI.25ml.044,25ml Jägermeister,,,item,5.0,,Drinks,Menu/Shots,25ml Jägermeister,BLUE,Accent,,,25.00000,ML,,,LOCAL,,,Spirits/Aperitif,
SPI.25ml.045,25ml Jameson Black Barrel,,,item,7.0,,Drinks,,25ml Jameson Black Barrel,BLUE,Accent,,,25.00000,ML,,,LOCAL,,,Spirits/Whisk(e)y,
SPI.25ml.046,25ml Jameson Irish Whiskey,,,item,6.0,,Drinks,,25ml Jameson Irish Whiskey,BLUE,Accent,,,25.00000,ML,,,LOCAL,,,Spirits/Whisk(e)y,
SPI.25ml.047,25ml Jameson Orange Whiskey,,,item,6.0,,Drinks,,25ml Jameson Orange Whiskey,BLUE,Accent,,,25.00000,ML,,,LOCAL,,,Spirits/Whisk(e)y,
SPI.25ml.048,25ml Kahlua Liqueur,,,item,5.0,,Drinks,,25ml Kahlua Liqueur,BLUE,Accent,,,25.00000,ML,,,LOCAL,,,Spirits/Liqueur,
SPI.25ml.049,25ml Kraken Black Spiced Rum,,,item,6.0,,Drinks,,25ml Kraken Black Spiced Rum,BLUE,Accent,,,25.00000,ML,,,LOCAL,,,Spirits/Rum,
SPI.25ml.050,25ml Laphroaig 10 Year Old Whisky,,,item,9.0,,Drinks,,25ml Laphroaig 10 Year Old Whisky,BLUE,Accent,,,25.00000,ML,,,LOCAL,,,Spirits/Whisk(e)y,
SPI.25ml.051,25ml Lilet Rose,,,item,4.7,,Drinks,,25ml Lilet Rose,BLUE,Accent,,,25.00000,ML,,,LOCAL,,,Spirits/Aperitif,
SPI.25ml.052,25ml Lucky Sod Irish Whiskey Liqueur,,,item,4.6,,Drinks,Menu/Shots,25ml Lucky Sod Irish Whiskey Liqueur,BLUE,Accent,,,25.00000,ML,,,LOCAL,,,Spirits/Liqueur,
SPI.25ml.053,25ml Madre Mezcal,,,item,9.0,,Drinks,,25ml Madre Mezcal,BLUE,Accent,,,25.00000,ML,,,LOCAL,,,Spirits/Absinthe - Tequila - Mezcal,
SPI.25ml.054,25ml Malfy Gin Rosa,,,item,6.5,,Drinks,,25ml Malfy Gin Rosa,BLUE,Accent,,,25.00000,ML,,,LOCAL,,,Spirits/Gin,
SPI.25ml.055,25ml Malfy Limone,,,item,6.5,,Drinks,,25ml Malfy Limone,BLUE,Accent,,,25.00000,ML,,,LOCAL,,,Spirits/Gin,
SPI.25ml.056,25ml Malibu Passionfruit,,,item,5.0,,Drinks,,25ml Malibu Passionfruit,BLUE,Accent,,,25.00000,ML,,,LOCAL,,,Spirits/Rum,
SPI.25ml.057,25ml Malibu White Coconut Rum,,,item,5.0,,Drinks,,25ml Malibu White Coconut Rum,BLUE,Accent,,,25.00000,ML,,,LOCAL,,,Spirits/Rum,
SPI.25ml.058,25ml Martini Rosso Vermouth,,,item,4.0,,Drinks,,25ml Martini Rosso Vermouth,BLUE,Accent,,,25.00000,ML,,,LOCAL,,,Spirits/Vermouth,
SPI.25ml.059,25ml Monkey 47,,,item,8.0,,Drinks,,25ml Monkey 47,BLUE,Accent,,,25.00000,ML,,,LOCAL,,,Spirits/Gin,
SPI.25ml.060,25ml Monkey 47 Sloe Gin,,,item,8.0,,Drinks,,25ml Monkey 47 Sloe Gin,BLUE,Accent,,,25.00000,ML,,,LOCAL,,,Spirits/Gin,
SPI.25ml.061,25ml Monkey Shoulder Whisky,,,item,6.5,,Drinks,,25ml Monkey Shoulder Whisky,BLUE,Accent,,,25.00000,ML,,,LOCAL,,,Spirits/Whisk(e)y,
SPI.25ml.062,25ml Nectarine Aperitif,,,item,4.0,,Drinks,,25ml Nectarine Aperitif,BLUE,Accent,,,25.00000,ML,,,LOCAL,,,Spirits/Aperitif,
SPI.25ml.063,25ml Nikka From The Barrel Whisky,,,item,8.0,,Drinks,,25ml Nikka From The Barrel Whisky,BLUE,Accent,,,25.00000,ML,,,LOCAL,,,Spirits/Whisk(e)y,
SPI.25ml.064,25ml Olmeca Altos Plata,,,item,7.0,,Drinks,Menu/Shots,25ml Olmeca Altos Plata,BLUE,Accent,,,25.00000,ML,,,LOCAL,,,Spirits/Absinthe - Tequila - Mezcal,
SPI.25ml.065,25ml Olmeca Altos Reposado,,,item,7.5,,Drinks,,25ml Olmeca Altos Reposado,BLUE,Accent,,,25.00000,ML,,,LOCAL,,,Spirits/Absinthe - Tequila - Mezcal,
SPI.25ml.066,25ml Passoa Passion Fruit Liqueur,,,item,4.0,,Drinks,,25ml Passoa Passion Fruit Liqueur,BLUE,Accent,,,25.00000,ML,,,LOCAL,,,Spirits/Liqueur,
SPI.25ml.067,25ml Pensador Mezcal,,,item,8.0,,Drinks,Menu/Shots,25ml Pensador Mezcal,BLUE,Accent,,,25.00000,ML,,,LOCAL,,,Spirits/Absinthe - Tequila - Mezcal,
SPI.25ml.068,25ml Ramazotti Sambucca,,,item,5.0,,Drinks,,25ml Ramazotti Sambucca,BLUE,Accent,,,25.00000,ML,,,LOCAL,,,Spirits/Aperitif,
SPI.25ml.069,25ml Scorch Scotch Whiskey Liqueur,,,item,4.6,,Drinks,Menu/Shots,25ml Scorch Scotch Whiskey Liqueur,BLUE,Accent,,,25.00000,ML,,,LOCAL,,,Spirits/Liqueur,
SPI.25ml.070,25ml Sourz Apple,,,item,4.6,,Drinks,Menu/Shots,25ml Sourz Apple,BLUE,Accent,,,25.00000,ML,,,LOCAL,,,Spirits/Liqueur,
SPI.25ml.071,25ml Sourz Raspberry,,,item,4.6,,Drinks,Menu/Shots,25ml Sourz Raspberry,BLUE,Accent,,,25.00000,ML,,,LOCAL,,,Spirits/Liqueur,
SPI.25ml.072,25ml St-Germain Elderflower Liqueur,,,item,5.0,,Drinks,,25ml St-Germain Elderflower Liqueur,BLUE,Accent,,,25.00000,ML,,,LOCAL,,,Spirits/Liqueur,
SPI.25ml.073,25ml Tequila Rose Strawberry Liqueur,,,item,5.0,,Drinks,Menu/Shots,25ml Tequila Rose Strawberry Liqueur,PINK,Accent,,,25.00000,ML,,,LOCAL,,,Spirits/Liqueur,
SPI.25ml.074,25ml The Glenlivet Caribbean Reserve,,,item,5.5,,Drinks,,25ml The Glenlivet Caribbean Reserve,BLUE,Accent,,,25.00000,ML,,,LOCAL,,,Spirits/Whisk(e)y,
SPI.25ml.075,25ml The Glenlivet Whisky,,,item,6.0,,Drinks,,25ml The Glenlivet Whisky,BLUE,Accent,,,25.00000,ML,,,LOCAL,,,Spirits/Whisk(e)y,
SPI.25ml.076,25ml The King's Ginger Liqueur,,,item,6.0,,Drinks,,25ml The King's Ginger Liqueur,BLUE,Accent,,,25.00000,ML,,,LOCAL,,,Spirits/Liqueur,
SPI.25ml.077,25ml Top Cuvee Vermouth,,,item,5.0,,Drinks,,25ml Top Cuvee Vermouth,BLUE,Accent,,,25.00000,ML,,,LOCAL,,,Spirits/Vermouth,
SPI.25ml.078,25ml Velho Barreiro Cachaca,,,item,5.0,,Drinks,,25ml Velho Barreiro Cachaca,BLUE,Accent,,,25.00000,ML,,,LOCAL,,,Spirits/Rum,
SPI.25ml.079,25ml Woodford Reserve Bourbon,,,item,7.0,,Drinks,,25ml Woodford Reserve Bourbon,BLUE,Accent,,,25.00000,ML,,,LOCAL,,,Spirits/Whisk(e)y,
SPI.25ml.080,25ml Wray & Nephew Overproof Rum,,,item,6.5,,Drinks,,25ml Wray & Nephew Overproof Rum,BLUE,Accent,,,25.00000,ML,,,LOCAL,,,Spirits/Rum,
SPI.25ml.081,25ml Yellow Chartreuse,,,item,6.5,,Drinks,,25ml Yellow Chartreuse,BLUE,Accent,,,25.00000,ML,,,LOCAL,,,Spirits/Liqueur,
SPI.50ml.013,50ml Bulleit Bourbon,,,item,15.0,,Drinks,,50ml Bulleit Bourbon,BLUE,Accent,,,50.00000,ML,,,LOCAL,,,Spirits/Whisk(e)y,
SPI.50ml.014,50ml Cachaca Pindorama,,,item,14.0,,Drinks,,50ml Cachaca Pindorama,BLUE,Accent,,,50.00000,ML,,,LOCAL,,,Spirits/Rum,
SPI.50ml.015,50ml Campari Bitter,,,item,7.0,,Drinks,,50ml Campari Bitter,BLUE,Accent,,,50.00000,ML,,,LOCAL,,,Spirits/Aperitif,
SPI.50ml.016,50ml Cazcabel Blanco,,,item,10.0,,Drinks,,50ml Cazcabel Blanco,BLUE,Accent,,,50.00000,ML,,,LOCAL,,,Spirits/Absinthe - Tequila - Mezcal,
SPI.50ml.017,50ml Cazcabel Coconut,,,item,10.0,,Drinks,,50ml Cazcabel Coconut,BLUE,Accent,,,50.00000,ML,,,LOCAL,,,Spirits/Absinthe - Tequila - Mezcal,
SPI.50ml.018,50ml Cazcabel Coffee,,,item,10.0,,Drinks,,50ml Cazcabel Coffee,BLUE,Accent,,,50.00000,ML,,,LOCAL,,,Spirits/Absinthe - Tequila - Mezcal,
SPI.50ml.019,50ml Cazcabel Honey,,,item,10.0,,Drinks,,50ml Cazcabel Honey,BLUE,Accent,,,50.00000,ML,,,LOCAL,,,Spirits/Absinthe - Tequila - Mezcal,
SPI.50ml.020,50ml Cazcabel Reposado,,,item,10.0,,Drinks,,50ml Cazcabel Reposado,BLUE,Accent,,,50.00000,ML,,,LOCAL,,,Spirits/Absinthe - Tequila - Mezcal,
SPI.50ml.021,50ml Chivas Regal,,,item,14.0,,Drinks,,50ml Chivas Regal,BLUE,Accent,,,50.00000,ML,,,LOCAL,,,Spirits/Whisk(e)y,
SPI.50ml.022,50ml Cocchi Vermouth,,,item,7.0,,Drinks,,50ml Cocchi Vermouth,BLUE,Accent,,,50.00000,ML,,,LOCAL,,,Spirits/Vermouth,
SPI.50ml.023,50ml Cointreau Orange Liqueur,,,item,14.0,,Drinks,,50ml Cointreau Orange Liqueur,BLUE,Accent,,,50.00000,ML,,,LOCAL,,,Spirits/Liqueur,
SPI.50ml.024,50ml Courvoisier VSOP Cognac,,,item,13.0,,Drinks,,50ml Courvoisier VSOP Cognac,BLUE,Accent,,,50.00000,ML,,,LOCAL,,,Spirits/Brandy - Cognac,
SPI.50ml.025,50ml Cut Spiced Rum,,,item,12.0,,Drinks,,50ml Cut Spiced Rum,BLUE,Accent,,,50.00000,ML,,,LOCAL,,,Spirits/Rum,
SPI.50ml.026,50ml Cynar vermouth,,,item,7.0,,Drinks,,50ml Cynar vermouth,BLUE,Accent,,,50.00000,ML,,,LOCAL,,,Spirits/Vermouth,
SPI.50ml.027,50ml Devils Botany Absinthe 24% Chocolate Liqueur,,,item,11.0,,Drinks,,50ml Devils Botany Absinthe 24% Chocolate Liqueur,BLUE,Accent,,,50.00000,ML,,,LOCAL,,,Spirits/Absinthe - Tequila - Mezcal,
SPI.50ml.028,50ml Devils Botany Absinthe 45%,,,item,12.0,,Drinks,,50ml Devils Botany Absinthe 45%,BLUE,Accent,,,50.00000,ML,,,LOCAL,,,Spirits/Absinthe - Tequila - Mezcal,
SPI.50ml.029,50ml Devils Botany Absinthe 63%,,,item,14.0,,Drinks,,50ml Devils Botany Absinthe 63%,BLUE,Accent,,,50.00000,ML,,,LOCAL,,,Spirits/Absinthe - Tequila - Mezcal,
SPI.50ml.030,50ml Diplomatico Reserva Exclusiva Dark Rum,,,item,14.0,,Drinks,,50ml Diplomatico Reserva Exclusiva Dark Rum,BLUE,Accent,,,50.00000,ML,,,LOCAL,,,Spirits/Rum,
SPI.50ml.031,50ml Disaronno Amaretto,,,item,8.0,,Drinks,,50ml Disaronno Amaretto,BLUE,Accent,,,50.00000,ML,,,LOCAL,,,Spirits/Liqueur,
SPI.50ml.032,50ml Fernet Branca,,,item,10.0,,Drinks,,50ml Fernet Branca,BLUE,Accent,,,50.00000,ML,,,LOCAL,,,Spirits/Aperitif,
SPI.50ml.033,50ml Four Roses Bourbon,,,item,10.0,,Drinks,,50ml Four Roses Bourbon,BLUE,Accent,,,50.00000,ML,,,LOCAL,,,Spirits/Whisk(e)y,
SPI.50ml.034,50ml Golden Falernum,,,item,10.0,,Drinks,,50ml Goolden Falernum,BLUE,Accent,,,50.00000,ML,,,LOCAL,,,Spirits/Liqueur,
SPI.50ml.035,50ml Grey Goose Vodka,,,item,15.0,,Drinks,,50ml Grey Goose Vodka,BLUE,Accent,,,50.00000,ML,,,LOCAL,,,Spirits/Vodka,
SPI.50ml.036,50ml Hanbury Gin,,,item,12.0,,Drinks,,50ml Hanbury Gin,BLUE,Accent,,,50.00000,ML,,,LOCAL,,,Spirits/Gin,
SPI.50ml.037,50ml Havana Club 3 Year Old White Rum,,,item,10.0,,Drinks,,50ml Havana Club 3 Year Old White Rum,BLUE,Accent,,,50.00000,ML,,,LOCAL,,,Spirits/Rum,
SPI.50ml.038,50ml Havana Club 7 Year Old Dark Rum,,,item,11.0,,Drinks,,50ml Havana Club 7 Year Old Dark Rum,BLUE,Accent,,,50.00000,ML,,,LOCAL,,,Spirits/Rum,
SPI.50ml.039,50ml Havana Club Anejo Especial Rum,,,item,10.0,,Drinks,,50ml Havana Club Anejo Especial Rum,BLUE,Accent,,,50.00000,ML,,,LOCAL,,,Spirits/Rum,
SPI.50ml.040,50ml Havana Especial,,,item,10.0,,Drinks,,50ml Havana Especial,BLUE,Accent,,,50.00000,ML,,,LOCAL,,,Spirits/Rum,
SPI.50ml.041,50ml Hennessy,,,item,14.0,,Drinks,,50ml Hennessy,BLUE,Accent,,,50.00000,ML,,,LOCAL,,,Spirits/Brandy - Cognac,
SPI.50ml.042,50ml Italicus,,,item,9.4,,Drinks,,50ml Italicus,BLUE,Accent,,,50.00000,ML,,,LOCAL,,,Spirits/Liqueur,
SPI.50ml.043,50ml Jack Daniels,,,item,10.0,,Drinks,,50ml Jack Daniels,BLUE,Accent,,,50.00000,ML,,,LOCAL,,,Spirits/Whisk(e)y,
SPI.50ml.044,50ml Jägermeister,,,item,10.0,,Drinks,,50ml Jägermeister,BLUE,Accent,,,50.00000,ML,,,LOCAL,,,Spirits/Aperitif,
SPI.50ml.045,50ml Jameson Black Barrel,,,item,14.0,,Drinks,,50ml Jameson Black Barrel,BLUE,Accent,,,50.00000,ML,,,LOCAL,,,Spirits/Whisk(e)y,
SPI.50ml.046,50ml Jameson Irish Whiskey,,,item,10.0,,Drinks,,50ml Jameson Irish Whiskey,BLUE,Accent,,,50.00000,ML,,,LOCAL,,,Spirits/Whisk(e)y,
SPI.50ml.047,50ml Jameson Orange Whiskey,,,item,12.0,,Drinks,,50ml Jameson Orange Whiskey,BLUE,Accent,,,50.00000,ML,,,LOCAL,,,Spirits/Whisk(e)y,
SPI.50ml.048,50ml Kahlua Liqueur,,,item,10.0,,Drinks,,50ml Kahlua Liqueur,BLUE,Accent,,,50.00000,ML,,,LOCAL,,,Spirits/Liqueur,
SPI.50ml.049,50ml Kraken Black Spiced Rum,,,item,12.0,,Drinks,,50ml Kraken Black Spiced Rum,BLUE,Accent,,,50.00000,ML,,,LOCAL,,,Spirits/Rum,
SPI.50ml.050,50ml Laphroaig 10 Year Old Whisky,,,item,18.0,,Drinks,,50ml Laphroaig 10 Year Old Whisky,BLUE,Accent,,,50.00000,ML,,,LOCAL,,,Spirits/Whisk(e)y,
SPI.50ml.051,50ml Lilet Rose,,,item,9.4,,Drinks,,50ml Lilet Rose,BLUE,Accent,,,50.00000,ML,,,LOCAL,,,Spirits/Aperitif,
SPI.50ml.052,50ml Lucky Sod Irish Whiskey Liqueur,,,item,9.2,,Drinks,,50ml Lucky Sod Irish Whiskey Liqueur,BLUE,Accent,,,50.00000,ML,,,LOCAL,,,Spirits/Liqueur,
SPI.50ml.053,50ml Madre Mezcal,,,item,15.0,,Drinks,,50ml Madre Mezcal,BLUE,Accent,,,50.00000,ML,,,LOCAL,,,Spirits/Absinthe - Tequila - Mezcal,
SPI.50ml.054,50ml Malfy Gin Rosa,,,item,13.0,,Drinks,,50ml Malfy Gin Rosa,BLUE,Accent,,,50.00000,ML,,,LOCAL,,,Spirits/Gin,
SPI.50ml.055,50ml Malfy Limone,,,item,13.0,,Drinks,,50ml Malfy Limone,BLUE,Accent,,,50.00000,ML,,,LOCAL,,,Spirits/Gin,
SPI.50ml.056,50ml Malibu Passionfruit,,,item,10.0,,Drinks,,50ml Malibu Passionfruit,BLUE,Accent,,,50.00000,ML,,,LOCAL,,,Spirits/Rum,
SPI.50ml.057,50ml Malibu White Coconut Rum,,,item,5.0,,Drinks,,50ml Malibu White Coconut Rum,BLUE,Accent,,,50.00000,ML,,,LOCAL,,,Spirits/Rum,
SPI.50ml.058,50ml Martini Rosso Vermouth,,,item,7.0,,Drinks,,50ml Martini Rosso Vermouth,BLUE,Accent,,,50.00000,ML,,,LOCAL,,,Spirits/Vermouth,
SPI.50ml.059,50ml Monkey 47,,,item,16.0,,Drinks,,50ml Monkey 47,BLUE,Accent,,,50.00000,ML,,,LOCAL,,,Spirits/Gin,
SPI.50ml.060,50ml Monkey 47 Sloe Gin,,,item,16.0,,Drinks,,50ml Monkey 47 Sloe Gin,BLUE,Accent,,,50.00000,ML,,,LOCAL,,,Spirits/Gin,
SPI.50ml.061,50ml Monkey Shoulder Whisky,,,item,13.0,,Drinks,,50ml Monkey Shoulder Whisky,BLUE,Accent,,,50.00000,ML,,,LOCAL,,,Spirits/Whisk(e)y,
SPI.50ml.062,50ml Nectarine Aperitif,,,item,8.0,,Drinks,,50ml Nectarine Aperitif,BLUE,Accent,,,50.00000,ML,,,LOCAL,,,Spirits/Aperitif,
SPI.50ml.063,50ml Nikka From The Barrel Whisky,,,item,16.0,,Drinks,,50ml Nikka From The Barrel Whisky,BLUE,Accent,,,50.00000,ML,,,LOCAL,,,Spirits/Whisk(e)y,
SPI.50ml.064,50ml Olmeca Altos Plata,,,item,14.0,,Drinks,,50ml Olmeca Altos Plata,BLUE,Accent,,,50.00000,ML,,,LOCAL,,,Spirits/Absinthe - Tequila - Mezcal,
SPI.50ml.065,50ml Olmeca Altos Reposado,,,item,15.0,,Drinks,,50ml Olmeca Altos Reposado,BLUE,Accent,,,50.00000,ML,,,LOCAL,,,Spirits/Absinthe - Tequila - Mezcal,
SPI.50ml.066,50ml Passoa Passion Fruit Liqueur,,,item,8.0,,Drinks,,50ml Passoa Passion Fruit Liqueur,BLUE,Accent,,,50.00000,ML,,,LOCAL,,,Spirits/Liqueur,
SPI.50ml.067,50ml Pensador Mezcal,,,item,14.0,,Drinks,,50ml Pensador Mezcal,BLUE,Accent,,,50.00000,ML,,,LOCAL,,,Spirits/Absinthe - Tequila - Mezcal,
SPI.50ml.068,50ml Ramazotti Sambucca,,,item,10.0,,Drinks,,50ml Ramazotti Sambucca,BLUE,Accent,,,50.00000,ML,,,LOCAL,,,Spirits/Aperitif,
SPI.50ml.069,50ml Scorch Scotch Whiskey Liqueur,,,item,9.2,,Drinks,,50ml Scorch Scotch Whiskey Liqueur,BLUE,Accent,,,50.00000,ML,,,LOCAL,,,Spirits/Liqueur,
SPI.50ml.070,50ml Sourz Apple,,,item,9.2,,Drinks,,50ml Sourz Apple,BLUE,Accent,,,50.00000,ML,,,LOCAL,,,Spirits/Liqueur,
SPI.50ml.071,50ml Sourz Raspberry,,,item,9.2,,Drinks,,50ml Sourz Raspberry,BLUE,Accent,,,50.00000,ML,,,LOCAL,,,Spirits/Liqueur,
SPI.50ml.072,50ml St-Germain Elderflower Liqueur,,,item,10.0,,Drinks,,50ml St-Germain Elderflower Liqueur,BLUE,Accent,,,50.00000,ML,,,LOCAL,,,Spirits/Liqueur,
SPI.50ml.073,50ml Tequila Rose Strawberry Liqueur,,,item,10.0,,Drinks,,50ml Tequila Rose Strawberry Liqueur,BLUE,Accent,,,50.00000,ML,,,LOCAL,,,Spirits/Liqueur,
SPI.50ml.074,50ml The Glenlivet Caribbean Reserve,,,item,11.0,,Drinks,,50ml The Glenlivet Caribbean Reserve,BLUE,Accent,,,50.00000,ML,,,LOCAL,,,Spirits/Whisk(e)y,
SPI.50ml.075,50ml The Glenlivet Whisky,,,item,12.0,,Drinks,,50ml The Glenlivet Whisky,BLUE,Accent,,,50.00000,ML,,,LOCAL,,,Spirits/Whisk(e)y,
SPI.50ml.076,50ml The King's Ginger Liqueur,,,item,12.0,,Drinks,,50ml The King's Ginger Liqueur,BLUE,Accent,,,50.00000,ML,,,LOCAL,,,Spirits/Liqueur,
SPI.50ml.077,50ml Top Cuvee Vermouth,,,item,7.0,,Drinks,,50ml Top Cuvee Vermouth,BLUE,Accent,,,50.00000,ML,,,LOCAL,,,Spirits/Vermouth,
SPI.50ml.078,50ml Velho Barreiro Cachaca,,,item,10.0,,Drinks,,50ml Velho Barreiro Cachaca,BLUE,Accent,,,50.00000,ML,,,LOCAL,,,Spirits/Rum,
SPI.50ml.079,50ml Woodford Reserve Bourbon,,,item,14.0,,Drinks,,50ml Woodford Reserve Bourbon,BLUE,Accent,,,50.00000,ML,,,LOCAL,,,Spirits/Whisk(e)y,
SPI.50ml.080,50ml Wray & Nephew Overproof Rum,,,item,13.0,,Drinks,,50ml Wray & Nephew Overproof Rum,BLUE,Accent,,,50.00000,ML,,,LOCAL,,,Spirits/Rum,
SPI.50ml.081,50ml Yellow Chartreuse,,,item,13.0,,Drinks,,50ml Yellow Chartreuse,BLUE,Accent,,,50.00000,ML,,,LOCAL,,,Spirits/Liqueur,
SPI.BTL.011,Beefeater Pink 700ml,,,item,0.0,,Drinks,,Beefeater Pink 700ml,BLUE,Accent,,,700.00000,ML,,,LOCAL,,,Spirits/Gin,
SPI.BTL.012,Bitter Truth 500ml,,,item,0.0,,Drinks,,Bitter Truth 500ml,BLUE,Accent,,,500.00000,ML,,,LOCAL,,,Spirits/Liqueur,
SPI.BTL.013,Bulleit Bourbon 700ml,,,item,0.0,,Drinks,,Bulleit Bourbon 700ml,BLUE,Accent,,,700.00000,ML,,,LOCAL,,,Spirits/Whisk(e)y,
SPI.BTL.014,Cachaca Pindorama 700ml,,,item,0.0,,Drinks,,Cachaca Pindorama 700ml,BLUE,Accent,,,700.00000,ML,,,LOCAL,,,Spirits/Rum,
SPI.BTL.015,Campari Bitter 700ml,,,item,0.0,,Drinks,,Campari Bitter 700ml,BLUE,Accent,,,700.00000,ML,,,LOCAL,,,Spirits/Aperitif,
SPI.BTL.016,Cazcabel Blanco 700ml,,,item,0.0,,Drinks,,Cazcabel Blanco 700ml,BLUE,Accent,,,700.00000,ML,,,LOCAL,,,Spirits/Absinthe - Tequila - Mezcal,
SPI.BTL.017,Cazcabel Coconut 700ml,,,item,0.0,,Drinks,,Cazcabel Coconut 700ml,BLUE,Accent,,,700.00000,ML,,,LOCAL,,,Spirits/Absinthe - Tequila - Mezcal,
SPI.BTL.018,Cazcabel Coffee 700ml,,,item,0.0,,Drinks,,Cazcabel Coffee 700ml,BLUE,Accent,,,700.00000,ML,,,LOCAL,,,Spirits/Absinthe - Tequila - Mezcal,
SPI.BTL.019,Cazcabel Honey 700ml,,,item,0.0,,Drinks,,Cazcabel Honey 700ml,BLUE,Accent,,,700.00000,ML,,,LOCAL,,,Spirits/Absinthe - Tequila - Mezcal,
SPI.BTL.020,Cazcabel Reposado 700ml,,,item,0.0,,Drinks,,Cazcabel Reposado 700ml,BLUE,Accent,,,700.00000,ML,,,LOCAL,,,Spirits/Absinthe - Tequila - Mezcal,
SPI.BTL.021,Chivas Regal 700ml,,,item,0.0,,Drinks,,Chivas Regal 700ml,BLUE,Accent,,,700.00000,ML,,,LOCAL,,,Spirits/Whisk(e)y,
SPI.BTL.022,Cocchi Vermouth 700ml,,,item,0.0,,Drinks,,Cocchi Vermouth 700ml,BLUE,Accent,,,700.00000,ML,,,LOCAL,,,Spirits/Vermouth,
SPI.BTL.023,Cointreau Orange Liqueur 700ml,,,item,0.0,,Drinks,,Cointreau Orange Liqueur 700ml,BLUE,Accent,,,700.00000,ML,,,LOCAL,,,Spirits/Liqueur,
SPI.BTL.024,Courvoisier VSOP Cognac 700ml,,,item,0.0,,Drinks,,Courvoisier VSOP Cognac 700ml,BLUE,Accent,,,700.00000,ML,,,LOCAL,,,Spirits/Brandy - Cognac,
SPI.BTL.025,Cut Spiced Rum 700ml,,,item,0.0,,Drinks,,Cut Spiced Rum 700ml,BLUE,Accent,,,700.00000,ML,,,LOCAL,,,Spirits/Rum,
SPI.BTL.026,Cynar vermouth 700ml,,,item,0.0,,Drinks,,Cynar vermouth 700ml,BLUE,Accent,,,700.00000,ML,,,LOCAL,,,Spirits/Vermouth,
SPI.BTL.027,Devils Botany Absinthe 24% Chocolate Liqueur 700ml,,,item,0.0,,Drinks,,Devils Botany Absinthe 24% Chocolate Liqueur 700ml,BLUE,Accent,,,700.00000,ML,,,LOCAL,,,Spirits/Absinthe - Tequila - Mezcal,
SPI.BTL.028,Devils Botany Absinthe 45% 700ml,,,item,0.0,,Drinks,,Devils Botany Absinthe 45% 700ml,BLUE,Accent,,,700.00000,ML,,,LOCAL,,,Spirits/Absinthe - Tequila - Mezcal,
SPI.BTL.029,Devils Botany Absinthe 63% 700ml,,,item,0.0,,Drinks,,Devils Botany Absinthe 63% 700ml,BLUE,Accent,,,700.00000,ML,,,LOCAL,,,Spirits/Absinthe - Tequila - Mezcal,
SPI.BTL.030,Diplomatico Reserva Exclusiva Dark Rum 700ml,,,item,0.0,,Drinks,,Diplomatico Reserva Exclusiva Dark Rum 700ml,BLUE,Accent,,,700.00000,ML,,,LOCAL,,,Spirits/Rum,
SPI.BTL.031,Disaronno Amaretto 700ml,,,item,0.0,,Drinks,,Disaronno Amaretto 700ml,BLUE,Accent,,,700.00000,ML,,,LOCAL,,,Spirits/Liqueur,
SPI.BTL.032,Fernet Branca 700ml,,,item,0.0,,Drinks,,Fernet Branca 700ml,BLUE,Accent,,,700.00000,ML,,,LOCAL,,,Spirits/Aperitif,
SPI.BTL.033,Four Roses Bourbon 700ml,,,item,0.0,,Drinks,,Four Roses Bourbon 700ml,BLUE,Accent,,,700.00000,ML,,,LOCAL,,,Spirits/Whisk(e)y,
SPI.BTL.034,Golden Falernum 500ml,,,item,0.0,,Drinks,,Goolden Falernum 700ml,BLUE,Accent,,,500.00000,ML,,,LOCAL,,,Spirits/Liqueur,
SPI.BTL.035,Grey Goose Vodka 700ml,,,item,0.0,,Drinks,,Grey Goose Vodka 700ml,BLUE,Accent,,,700.00000,ML,,,LOCAL,,,Spirits/Vodka,
SPI.BTL.036,Hanbury Gin 700ml,,,item,0.0,,Drinks,,Hanbury Gin 700ml,BLUE,Accent,,,700.00000,ML,,,LOCAL,,,Spirits/Gin,
SPI.BTL.037,Havana Club 3 Year Old White Rum 700ml,,,item,0.0,,Drinks,,Havana Club 3 Year Old White Rum 700ml,BLUE,Accent,,,700.00000,ML,,,LOCAL,,,Spirits/Rum,
SPI.BTL.038,Havana Club 7 Year Old Dark Rum 700ml,,,item,0.0,,Drinks,,Havana Club 7 Year Old Dark Rum 700ml,BLUE,Accent,,,700.00000,ML,,,LOCAL,,,Spirits/Rum,
SPI.BTL.039,Havana Club Anejo Especial Rum 700ml,,,item,0.0,,Drinks,,Havana Club Anejo Especial Rum 700ml,BLUE,Accent,,,700.00000,ML,,,LOCAL,,,Spirits/Rum,
SPI.BTL.040,Havana Especial 700ml,,,item,0.0,,Drinks,,Havana Especial 700ml,BLUE,Accent,,,700.00000,ML,,,LOCAL,,,Spirits/Rum,
SPI.BTL.041,Hennessy 700ml,,,item,0.0,,Drinks,,Hennessy 700ml,BLUE,Accent,,,700.00000,ML,,,LOCAL,,,Spirits/Brandy - Cognac,
SPI.BTL.042,Italicus 700ml,,,item,0.0,,Drinks,,Italicus 700ml,BLUE,Accent,,,700.00000,ML,,,LOCAL,,,Spirits/Liqueur,
SPI.BTL.043,Jack Daniels 700ml,,,item,0.0,,Drinks,,Jack Daniels 700ml,BLUE,Accent,,,700.00000,ML,,,LOCAL,,,Spirits/Whisk(e)y,
SPI.BTL.044,Jägermeister 700ml,,,item,0.0,,Drinks,,Jägermeister 700ml,BLUE,Accent,,,700.00000,ML,,,LOCAL,,,Spirits/Aperitif,
SPI.BTL.045,Jameson Black Barrel 700ml,,,item,0.0,,Drinks,,Jameson Black Barrel 700ml,BLUE,Accent,,,700.00000,ML,,,LOCAL,,,Spirits/Whisk(e)y,
SPI.BTL.046,Jameson Irish Whiskey 700ml,,,item,0.0,,Drinks,,Jameson Irish Whiskey 700ml,BLUE,Accent,,,700.00000,ML,,,LOCAL,,,Spirits/Whisk(e)y,
SPI.BTL.047,Jameson Orange Whiskey 700ml,,,item,0.0,,Drinks,,Jameson Orange Whiskey 700ml,BLUE,Accent,,,700.00000,ML,,,LOCAL,,,Spirits/Whisk(e)y,
SPI.BTL.048,Kahlua Liqueur 700ml,,,item,0.0,,Drinks,,Kahlua Liqueur 700ml,BLUE,Accent,,,700.00000,ML,,,LOCAL,,,Spirits/Liqueur,
SPI.BTL.049,Kraken Black Spiced Rum 700ml,,,item,0.0,,Drinks,,Kraken Black Spiced Rum 700ml,BLUE,Accent,,,700.00000,ML,,,LOCAL,,,Spirits/Rum,
SPI.BTL.050,Laphroaig 10 Year Old Whisky 700ml,,,item,0.0,,Drinks,,Laphroaig 10 Year Old Whisky 700ml,BLUE,Accent,,,700.00000,ML,,,LOCAL,,,Spirits/Whisk(e)y,
SPI.BTL.051,Lilet Rose 700ml,,,item,0.0,,Drinks,,Lilet Rose 700ml,BLUE,Accent,,,700.00000,ML,,,LOCAL,,,Spirits/Aperitif,
SPI.BTL.052,Lucky Sod Irish Whiskey Liqueur 700ml,,,item,0.0,,Drinks,,Lucky Sod Irish Whiskey Liqueur 700ml,BLUE,Accent,,,700.00000,ML,,,LOCAL,,,Spirits/Liqueur,
SPI.BTL.053,Madre Mezcal 700ml,,,item,0.0,,Drinks,,Madre Mezcal 700ml,BLUE,Accent,,,700.00000,ML,,,LOCAL,,,Spirits/Absinthe - Tequila - Mezcal,
SPI.BTL.054,Malfy Gin Rosa 700ml,,,item,0.0,,Drinks,,Malfy Gin Rosa 700ml,BLUE,Accent,,,700.00000,ML,,,LOCAL,,,Spirits/Gin,
SPI.BTL.055,Malfy Limone 700ml,,,item,0.0,,Drinks,,Malfy Limone 700ml,BLUE,Accent,,,700.00000,ML,,,LOCAL,,,Spirits/Gin,
SPI.BTL.056,Malibu Passionfruit 700ml,,,item,0.0,,Drinks,,Malibu Passionfruit 700ml,BLUE,Accent,,,700.00000,ML,,,LOCAL,,,Spirits/Rum,
SPI.BTL.057,Malibu White Coconut Rum 700ml,,,item,0.0,,Drinks,,Malibu White Coconut Rum 700ml,BLUE,Accent,,,700.00000,ML,,,LOCAL,,,Spirits/Rum,
SPI.BTL.058,Martini Rosso Vermouth 700ml,,,item,0.0,,Drinks,,Martini Rosso Vermouth 700ml,BLUE,Accent,,,700.00000,ML,,,LOCAL,,,Spirits/Vermouth,
SPI.BTL.059,Monkey 47 500ml,,,item,0.0,,Drinks,,Monkey 47 500ml,BLUE,Accent,,,500.00000,ML,,,LOCAL,,,Spirits/Gin,
SPI.BTL.060,Monkey 47 Sloe Gin 500ml,,,item,0.0,,Drinks,,Monkey 47 Sloe Gin 500ml,BLUE,Accent,,,500.00000,ML,,,LOCAL,,,Spirits/Gin,
SPI.BTL.061,Monkey Shoulder Whisky 700ml,,,item,0.0,,Drinks,,Monkey Shoulder Whisky 700ml,BLUE,Accent,,,700.00000,ML,,,LOCAL,,,Spirits/Whisk(e)y,
SPI.BTL.062,Nectarine Aperitif 700ml,,,item,0.0,,Drinks,,Nectarine Aperitif 700ml,BLUE,Accent,,,700.00000,ML,,,LOCAL,,,Spirits/Aperitif,
SPI.BTL.063,Nikka From The Barrel Whisky 500ml,,,item,0.0,,Drinks,,Nikka From The Barrel Whisky 500ml,BLUE,Accent,,,500.00000,ML,,,LOCAL,,,Spirits/Whisk(e)y,
SPI.BTL.064,Olmeca Altos Plata 700ml,,,item,0.0,,Drinks,,Olmeca Altos Plata 700ml,BLUE,Accent,,,700.00000,ML,,,LOCAL,,,Spirits/Absinthe - Tequila - Mezcal,
SPI.BTL.065,Olmeca Altos Reposado 700ml,,,item,0.0,,Drinks,,Olmeca Altos Reposado 700ml,BLUE,Accent,,,700.00000,ML,,,LOCAL,,,Spirits/Absinthe - Tequila - Mezcal,
SPI.BTL.066,Passoa Passion Fruit Liqueur 700ml,,,item,0.0,,Drinks,,Passoa Passion Fruit Liqueur 700ml,BLUE,Accent,,,700.00000,ML,,,LOCAL,,,Spirits/Liqueur,
SPI.BTL.067,Pensador Mezcal 500ml,,,item,0.0,,Drinks,,Pensador Mezcal 500ml,BLUE,Accent,,,500.00000,ML,,,LOCAL,,,Spirits/Absinthe - Tequila - Mezcal,
SPI.BTL.068,Ramazotti Sambucca 700ml,,,item,0.0,,Drinks,,Ramazotti Sambucca 700ml,BLUE,Accent,,,700.00000,ML,,,LOCAL,,,Spirits/Aperitif,
SPI.BTL.069,Scorch Scotch Whiskey Liqueur 700ml,,,item,0.0,,Drinks,,Scorch Scotch Whiskey Liqueur 700ml,BLUE,Accent,,,700.00000,ML,,,LOCAL,,,Spirits/Liqueur,
SPI.BTL.070,Sourz Apple 700ml,,,item,0.0,,Drinks,,Sourz Apple 700ml,BLUE,Accent,,,700.00000,ML,,,LOCAL,,,Spirits/Liqueur,
SPI.BTL.071,Sourz Raspberry 700ml,,,item,0.0,,Drinks,,Sourz Raspberry 700ml,BLUE,Accent,,,700.00000,ML,,,LOCAL,,,Spirits/Liqueur,
SPI.BTL.072,St-Germain Elderflower Liqueur 700ml,,,item,0.0,,Drinks,,St-Germain Elderflower Liqueur 700ml,BLUE,Accent,,,700.00000,ML,,,LOCAL,,,Spirits/Liqueur,
SPI.BTL.073,Tequila Rose Strawberry Liqueur 700ml,,,item,0.0,,Drinks,,Tequila Rose Strawberry Liqueur 700ml,BLUE,Accent,,,700.00000,ML,,,LOCAL,,,Spirits/Liqueur,
SPI.BTL.074,The Glenlivet Caribbean Reserve 700ml,,,item,0.0,,Drinks,,The Glenlivet Caribbean Reserve 700ml,BLUE,Accent,,,700.00000,ML,,,LOCAL,,,Spirits/Whisk(e)y,
SPI.BTL.075,The Glenlivet Whisky 700ml,,,item,0.0,,Drinks,,The Glenlivet Whisky 700ml,BLUE,Accent,,,700.00000,ML,,,LOCAL,,,Spirits/Whisk(e)y,
SPI.BTL.076,The King's Ginger Liqueur 500ml,,,item,0.0,,Drinks,,The King's Ginger Liqueur 500ml,BLUE,Accent,,,500.00000,ML,,,LOCAL,,,Spirits/Liqueur,
SPI.BTL.077,Top Cuvee Vermouth 1000ml,,,item,0.0,,Drinks,,Top Cuvee Vermouth 1000ml,BLUE,Accent,,,1000.00000,ML,,,LOCAL,,,Spirits/Vermouth,
SPI.BTL.078,Velho Barreiro Cachaca 700ml,,,item,0.0,,Drinks,,Velho Barreiro Cachaca 700ml,BLUE,Accent,,,700.00000,ML,,,LOCAL,,,Spirits/Rum,
SPI.BTL.079,Woodford Reserve Bourbon 700ml,,,item,0.0,,Drinks,,Woodford Reserve Bourbon 700ml,BLUE,Accent,,,700.00000,ML,,,LOCAL,,,Spirits/Whisk(e)y,
SPI.BTL.080,Wray & Nephew Overproof Rum 700ml,,,item,0.0,,Drinks,,Wray & Nephew Overproof Rum 700ml,BLUE,Accent,,,700.00000,ML,,,LOCAL,,,Spirits/Rum,
SPI.BTL.081,Yellow Chartreuse 700ml,,,item,0.0,,Drinks,,Yellow Chartreuse 700ml,BLUE,Accent,,,700.00000,ML,,,LOCAL,,,Spirits/Liqueur,
COF.TEA.001,French Press Coffee,,,item,3.0,,Drinks,Menu/Softs - Hot Drinks/Hot Drinks,French Press Coffee,BLUE,Accent,,,,,,,LOCAL,,,Drinks/Hot Drinks,
COF.TEA.002,English breakfast Tea,,,item,3.0,,Drinks,Menu/Softs - Hot Drinks/Hot Drinks,English breakfast Tea,BLUE,Accent,,,,,,,LOCAL,,,Drinks/Hot Drinks,
COF.TEA.003,Earl Grey Tea,,,item,3.0,,Drinks,Menu/Softs - Hot Drinks/Hot Drinks,Earl Grey Tea,BLUE,Accent,,,,,,,LOCAL,,,Drinks/Hot Drinks,
COF.TEA.004,Fruit Tea,,,item,3.0,,Drinks,Menu/Softs - Hot Drinks/Hot Drinks,Fruit Tea,BLUE,Accent,,,,,,,LOCAL,,,Drinks/Hot Drinks,
COF.TEA.005,Lemon Ginger Tea,,,item,3.0,,Drinks,Menu/Softs - Hot Drinks/Hot Drinks,Lemon Ginger Tea,BLUE,Accent,,,,,,,LOCAL,,,Drinks/Hot Drinks,
COF.TEA.006,Green Tea,,,item,3.0,,Drinks,Menu/Softs - Hot Drinks/Hot Drinks,Green Tea,BLUE,Accent,,,,,,,LOCAL,,,Drinks/Hot Drinks,
COF.TEA.007,Hot Chocolate,,,item,3.0,,Drinks,Menu/Softs - Hot Drinks/Hot Drinks,Hot Chocolate,BLUE,Accent,,,,,,,LOCAL,,,Drinks/Hot Drinks,
SOF.MIX.001,Coke - Mixer,,,item,1.0,,Drinks,,Coke - Mixer,BLUE,Accent,,,,,,,LOCAL,,,Drinks/Softs,
SOF.MIX.002,Coke Zero - Mixer,,,item,1.0,,Drinks,,Coke Zero - Mixer,BLUE,Accent,,,,,,,LOCAL,,,Drinks/Softs,
SOF.MIX.003,Schweppes Lemonade - Mixer,,,item,1.0,,Drinks,,Schweppes Lemonade - Mixer,BLUE,Accent,,,,,,,LOCAL,,,Drinks/Softs,
SOF.MIX.004,Schweppes Tonic - Mixer,,,item,1.0,,Drinks,,Schweppes Tonic - Mixer,BLUE,Accent,,,,,,,LOCAL,,,Drinks/Softs,
SOF.HLF.001,Coke - Half Pint,,,item,3.0,,Drinks,Menu/Softs - Hot Drinks,Coke - Half Pint,LIGHT_RED,Accent,,,,,,,LOCAL,,,Drinks/Softs,
SOF.HLF.002,Coke Zero - Half Pint,,,item,3.0,,Drinks,Menu/Softs - Hot Drinks,Coke Zero - Half Pint,LIGHT_RED,Accent,,,,,,,LOCAL,,,Drinks/Softs,
SOF.HLF.003,Schweppes Lemonade - Half Pint,,,item,3.0,,Drinks,Menu/Softs - Hot Drinks,Schweppes Lemonade - Half Pint,LIGHT_RED,Accent,,,,,,,LOCAL,,,Drinks/Softs,
SOF.HLF.004,Schweppes Tonic - Half Pint,,,item,3.0,,Drinks,Menu/Softs - Hot Drinks,Schweppes Tonic - Half Pint,LIGHT_RED,Accent,,,,,,,LOCAL,,,Drinks/Softs,
SOF.PNT.001,Coke - Pint,,,item,4.0,,Drinks,Menu/Softs - Hot Drinks,Coke - Pint,LIGHT_RED,Accent,,,,,,,LOCAL,,,Drinks/Softs,
SOF.PNT.002,Coke Zero - Pint,,,item,4.0,,Drinks,Menu/Softs - Hot Drinks,Coke Zero - Pint,LIGHT_RED,Accent,,,,,,,LOCAL,,,Drinks/Softs,
SOF.PNT.003,Schweppes Lemonade - Pint,,,item,4.0,,Drinks,Menu/Softs - Hot Drinks,Schweppes Lemonade - Pint,LIGHT_RED,Accent,,,,,,,LOCAL,,,Drinks/Softs,
SOF.PNT.004,Schweppes Tonic - Pint,,,item,4.0,,Drinks,Menu/Softs - Hot Drinks,Schweppes Tonic - Pint,LIGHT_RED,Accent,,,,,,,LOCAL,,,Drinks/Softs,
JUI.MIX.001,Apple Juice - Mixer,,,item,1.0,,Drinks,,Apple Juice - Mixer,BLUE,Accent,,,,,,,LOCAL,,,Drinks/Softs,
JUI.MIX.002,Cranberry Juice - Mixer,,,item,1.0,,Drinks,,Cranberry Juice - Mixer,BLUE,Accent,,,,,,,LOCAL,,,Drinks/Softs,
JUI.MIX.003,Grapefruit Juice - Mixer,,,item,1.0,,Drinks,,Grapefruit Juice - Mixer,BLUE,Accent,,,,,,,LOCAL,,,,
JUI.MIX.004,Orange Juice - Mixer,,,item,1.0,,Drinks,,Orange Juice - Mixer,BLUE,Accent,,,,,,,LOCAL,,,Drinks/Softs,
JUI.MIX.005,Pineapple Juice - Mixer,,,item,1.0,,Drinks,,Pineapple Juice - Mixer,BLUE,Accent,,,,,,,LOCAL,,,Drinks/Softs,
JUI.GLS.001,Apple Juice Gls,,,item,4.0,,Drinks,,Apple Juice,GREEN,Accent,,,,,,,LOCAL,,,Drinks/Softs,
JUI.GLS.002,Cranberry Juice Gls,,,item,4.0,,Drinks,,Cranberry Juice,GREEN,Accent,,,,,,,LOCAL,,,Drinks/Softs,
JUI.GLS.003,Grapefruit Juice Gls,,,item,4.0,,Drinks,,Grapefruit Juice,GREEN,Accent,,,,,,,LOCAL,,,,
JUI.GLS.004,Orange Juice Gls,,,item,4.0,,Drinks,,Orange Juice,GREEN,Accent,,,,,,,LOCAL,,,Drinks/Softs,
JUI.GLS.005,Pineapple Juice Gls,,,item,4.0,,Drinks,,Pineapple Juice,GREEN,Accent,,,,,,,LOCAL,,,Drinks/Softs,
CTL.001,Amaretto Sour,,,item,11.0,,Drinks,Menu/Cocktails & Warmers,Amaretto Sour,BLUE,Accent,,,1.00000,1,,,LOCAL,,,Drinks/Cocktails,
CTL.002,Aperol Spritz,,,item,11.0,,Drinks,Menu/Cocktails & Warmers,Aperol Spritz,BLUE,Accent,,,1.00000,1,,,LOCAL,,,Drinks/Cocktails,
CTL.003,Aperol Spritz - Jug,,,item,26.0,,Drinks,,Aperol Spritz - Jug,BLUE,Accent,,,1.00000,1,,,LOCAL,,,Drinks/Cocktails,
CTL.004,Bloody Mary,,,item,11.0,,Drinks,Menu/Cocktails & Warmers,Bloody Mary,BLUE,Accent,,,1.00000,1,,,LOCAL,,,Drinks/Cocktails,
CTL.005,Caipirinha,,,item,11.0,,Drinks,Menu/Cocktails & Warmers,Caipirinha,BLUE,Accent,,,1.00000,1,,,LOCAL,,,Drinks/Cocktails,
CTL.006,Classic Margarita,,,item,11.0,,Drinks,Menu/Cocktails & Warmers,Classic Margarita,BLUE,Accent,,,1.00000,1,,,LOCAL,,,Drinks/Cocktails,
CTL.007,Classic Mojito,,,item,11.0,,Drinks,,Classic Mojito,BLUE,Accent,,,1.00000,1,,,LOCAL,,,Drinks/Cocktails,
CTL.008,Cola Spritzer,,,item,11.0,,Drinks,,Cola Spritzer,BLUE,Accent,,,1.00000,1,,,LOCAL,,,Drinks/Cocktails,
CTL.009,Dark & Plonkie,,,item,11.0,,Drinks,Menu/Cocktails & Warmers,Dark & Plonkie,BLUE,Accent,,,1.00000,1,,,LOCAL,,,Drinks/Cocktails,
CTL.010,Dark & Plonkie - Jug,,,item,26.0,,Drinks,Menu/Cocktails & Warmers,Dark & Plonkie - Jug,BLUE,Accent,,,1.00000,1,,,LOCAL,,,Drinks/Cocktails,
CTL.011,Espresso Martini,,,item,11.0,,Drinks,Menu/Cocktails & Warmers,Espresso Martini,BLUE,Accent,,,1.00000,1,,,LOCAL,,,Drinks/Cocktails,
CTL.012,Fields Cocktail,,,item,11.0,,Drinks,,Fields Cocktail,BLUE,Accent,,,1.00000,1,,,LOCAL,,,Drinks/Cocktails,
CTL.013,Golfstar Martini,,,item,11.0,,Drinks,Menu/Cocktails & Warmers,Golfstar Martini,BLUE,Accent,,,1.00000,1,,,LOCAL,,,Drinks/Cocktails,
CTL.014,Hugo Spritz,,,item,11.0,,Drinks,Menu/Cocktails & Warmers,Hugo Spritz,BLUE,Accent,,,1.00000,1,,,LOCAL,,,Drinks/Cocktails,
CTL.015,Lagerita,,,item,10.0,,Drinks,Menu/Cocktails & Warmers,Lagerita,BLUE,Accent,,,1.00000,1,,,LOCAL,,,Drinks/Cocktails,
CTL.016,Mango Mojito,,,item,11.0,,Drinks,Menu/Cocktails & Warmers,Mango Mojito,BLUE,Accent,,,1.00000,1,,,LOCAL,,,Drinks/Cocktails,
CTL.017,Mezcal Margarita,,,item,12.0,,Drinks,Menu/Cocktails & Warmers,Mezcal Margarita,BLUE,Accent,,,1.00000,1,,,LOCAL,,,Drinks/Cocktails,
CTL.018,Mezcal Sour,,,item,11.0,,Drinks,Menu/Cocktails & Warmers,Mezcal Sour,BLUE,Accent,,,1.00000,1,,,LOCAL,,,Drinks/Cocktails,
CTL.019,Michelada,,,item,10.0,,Drinks,Menu/Cocktails & Warmers,Michelada,BLUE,Accent,,,1.00000,1,,,LOCAL,,,Drinks/Cocktails,
CTL.020,Hibiscus Negroni,,,item,11.0,,Drinks,,Hibiscus Negroni,BLUE,Accent,,,1.00000,1,,,LOCAL,,,Drinks/Cocktails,
CTL.021,Old Fashioned,,,item,11.0,,Drinks,Menu/Cocktails & Warmers,Old Fashioned,BLUE,Accent,,,1.00000,1,,,LOCAL,,,Drinks/Cocktails,
CTL.022,Paloma,,,item,11.0,,Drinks,,Paloma,BLUE,Accent,,,1.00000,1,,,LOCAL,,,Drinks/Cocktails,
SPI.25ml.001,25ml Absolute Blue,,,item,6.0,,Drinks,,25ml Absolute Blue,BLUE,Accent,,,25.00000,ML,,,LOCAL,,,Spirits/Vodka,
SPI.25ml.002,25ml Amaro,,,item,4.0,,Drinks,,25ml Amaro Averna,BLUE,Accent,,,25.00000,ML,,,LOCAL,,,Spirits/Aperitif,
SPI.25ml.003,25ml Ancho Reyes Verde,,,item,5.5,,Drinks,,25ml Ancho Reyes Verde,BLUE,Accent,,,25.00000,ML,,,LOCAL,,,Spirits/Liqueur,
SPI.25ml.004,25ml Antica Classic Sambuca,,,item,4.7,,Drinks,Menu/Shots,25ml Antica Classic Sambuca,BLUE,Accent,,,25.00000,ML,,,LOCAL,,,Spirits/Aperitif,
SPI.25ml.005,25ml Aperol,,,item,5.0,,Drinks,,25ml Aperol,BLUE,Accent,,,25.00000,ML,,,LOCAL,,,Spirits/Liqueur,
SPI.25ml.006,25ml Archers Peach Snaps,,,item,4.6,,Drinks,,25ml Archers Peach Snaps,BLUE,Accent,,,25.00000,ML,,,LOCAL,,,Spirits/Liqueur,
SPI.25ml.007,25ml Baileys Liqueur,,,item,4.0,,Drinks,,25ml Baileys Liqueur,BLUE,Accent,,,25.00000,ML,,,LOCAL,,,Spirits/Liqueur,
SPI.25ml.008,25ml Beefeater London Dry Gin,,,item,6.0,,Drinks,,25ml Beefeater London Dry Gin,BLUE,Accent,,,25.00000,ML,,,LOCAL,,,Spirits/Gin,
SPI.25ml.009,25ml Beefeater Orange,,,item,5.0,,Drinks,,25ml Beefeater Orange,BLUE,Accent,,,25.00000,ML,,,LOCAL,,,Spirits/Gin,
SPI.25ml.010,25ml Beefeater Peach & Raspberry Gin,,,item,5.0,,Drinks,,25ml Beefeater Peach & Raspberry Gin,BLUE,Accent,,,25.00000,ML,,,LOCAL,,,Spirits/Gin,
SPI.50ml.001,50ml Absolute Blue,,,item,10.0,,Drinks,,50ml Absolute Blue,BLUE,Accent,,,50.00000,ML,,,LOCAL,,,Spirits/Vodka,
SPI.50ml.002,50ml Amaro,,,item,7.0,,Drinks,,50ml Amaro Averna,BLUE,Accent,,,50.00000,ML,,,LOCAL,,,Spirits/Aperitif,
SPI.50ml.003,50ml Ancho Reyes Verde,,,item,11.0,,Drinks,,50ml Ancho Reyes Verde,BLUE,Accent,,,50.00000,ML,,,LOCAL,,,Spirits/Liqueur,
SPI.50ml.004,50ml Antica Classic Sambuca,,,item,9.4,,Drinks,,50ml Antica Classic Sambuca,BLUE,Accent,,,50.00000,ML,,,LOCAL,,,Spirits/Aperitif,
SPI.50ml.005,50ml Aperol,,,item,10.0,,Drinks,,50ml Aperol,BLUE,Accent,,,50.00000,ML,,,LOCAL,,,Spirits/Liqueur,
SPI.50ml.006,50ml Archers Peach Snaps,,,item,9.2,,Drinks,,50ml Archers Peach Snaps,BLUE,Accent,,,50.00000,ML,,,LOCAL,,,Spirits/Liqueur,
SPI.50ml.007,50ml Baileys Liqueur,,,item,7.0,,Drinks,,50ml Baileys Liqueur,BLUE,Accent,,,50.00000,ML,,,LOCAL,,,Spirits/Liqueur,
SPI.50ml.008,50ml Beefeater London Dry Gin,,,item,10.0,,Drinks,,50ml Beefeater London Dry Gin,BLUE,Accent,,,50.00000,ML,,,LOCAL,,,Spirits/Gin,
SPI.50ml.009,50ml Beefeater Orange,,,item,10.0,,Drinks,,50ml Beefeater Orange,BLUE,Accent,,,50.00000,ML,,,LOCAL,,,Spirits/Gin,
SPI.50ml.010,50ml Beefeater Peach & Raspberry Gin,,,item,10.0,,Drinks,,50ml Beefeater Peach & Raspberry Gin,BLUE,Accent,,,50.00000,ML,,,LOCAL,,,Spirits/Gin,
SPI.50ml.011,50ml Beefeater Pink,,,item,10.0,,Drinks,,50ml Beefeater Pink,BLUE,Accent,,,50.00000,ML,,,LOCAL,,,Spirits/Gin,
SPI.50ml.012,50ml Bitter Truth,,,item,8.0,,Drinks,,50ml Bitter Truth,BLUE,Accent,,,50.00000,ML,,,LOCAL,,,Spirits/Liqueur,
SPI.BTL.001,Absolute Blue 700ml,,,item,0.0,,Drinks,,Absolute Blue 700ml,BLUE,Accent,,,700.00000,ML,,,LOCAL,,,Spirits/Vodka,
SPI.BTL.002,Amaro 700ml,,,item,0.0,,Drinks,,Amaro Averna 700ml,BLUE,Accent,,,700.00000,ML,,,LOCAL,,,Spirits/Aperitif,
SPI.BTL.003,Ancho Reyes Verde 700ml,,,item,0.0,,Drinks,,Ancho Reyes Verde 700ml,BLUE,Accent,,,700.00000,ML,,,LOCAL,,,Spirits/Liqueur,
SPI.BTL.004,Antica Classic Sambuca 700ml,,,item,0.0,,Drinks,,Antica Classic Sambuca 700ml,BLUE,Accent,,,700.00000,ML,,,LOCAL,,,Spirits/Aperitif,
SPI.BTL.005,Aperol 700ml,,,item,0.0,,Drinks,,Aperol 700ml,BLUE,Accent,,,700.00000,ML,,,LOCAL,,,Spirits/Liqueur,
SPI.BTL.006,Archers Peach Snaps 700ml,,,item,0.0,,Drinks,,Archers Peach Snaps 700ml,BLUE,Accent,,,700.00000,ML,,,LOCAL,,,Spirits/Liqueur,
SPI.BTL.007,Baileys Liqueur 700ml,,,item,0.0,,Drinks,,Baileys Liqueur 700ml,BLUE,Accent,,,700.00000,ML,,,LOCAL,,,Spirits/Liqueur,
SPI.BTL.008,Beefeater London Dry Gin 700ml,,,item,0.0,,Drinks,,Beefeater London Dry Gin 700ml,BLUE,Accent,,,700.00000,ML,,,LOCAL,,,Spirits/Gin,
SPI.BTL.009,Beefeater Orange 700ml,,,item,0.0,,Drinks,,Beefeater Orange 700ml,BLUE,Accent,,,700.00000,ML,,,LOCAL,,,Spirits/Gin,
SPI.BTL.010,Beefeater Peach & Raspberry Gin 700ml,,,item,0.0,,Drinks,,Beefeater Peach & Raspberry Gin 700ml,BLUE,Accent,,,700.00000,ML,,,LOCAL,,,Spirits/Gin,
SOF.001,Still Water Bottle,,,item,2.5,,Drinks,Menu/Softs - Hot Drinks,Still Water Bottle,WHITE,Background,,,1.00000,1,,,LOCAL,,,Drinks/Softs,
SOF.002,Sparkling Water Bottle,,,item,2.5,,Drinks,Menu/Softs - Hot Drinks,Sparkling Water Bottle,WHITE,Background,,,1.00000,1,,,LOCAL,,,Drinks/Softs,
SOF.003,Equinox Organic Blood Orange Kombucha Can,,,item,4.5,,Drinks,,Equinox Organic Blood Orange Kombucha Can,PINK,Accent,,,1.00000,1,,,LOCAL,,,Drinks/Softs,
SOF.004,Equinox Organic Fiery Ginger Kombucha Can,,,item,4.5,,Drinks,Menu/Softs - Hot Drinks,Equinox Organic Fiery Ginger Kombucha Can,PINK,Accent,,,1.00000,1,,,LOCAL,,,Drinks/Softs,
SOF.005,Cherry Coke Can,,,item,4.0,,Drinks,Menu/Softs - Hot Drinks,Cherry Coke Can,PINK,Accent,,,1.00000,1,,,LOCAL,,,Drinks/Softs,
SOF.006,Fanta Can,,,item,4.0,,Drinks,Menu/Softs - Hot Drinks,Fanta Can,PINK,Accent,,,1.00000,1,,,LOCAL,,,Drinks/Softs,
SOF.007,Ting Can,,,item,4.0,,Drinks,Menu/Softs - Hot Drinks,Ting Can,PINK,Accent,,,1.00000,1,,,LOCAL,,,Drinks/Softs,
SOF.008,Club Mate bottle,,,item,6.2,,Drinks,Menu/Softs - Hot Drinks,Club Mate Can,PINK,Accent,,,1.00000,1,,,LOCAL,,,Drinks/Softs,
SOF.009,Red Bull Can,,,item,4.0,,Drinks,Menu/Softs - Hot Drinks,Red Bull Can,PINK,Accent,,,1.00000,1,,,LOCAL,,,Drinks/Softs,
SOF.010,Old Jamaica Ginger Beer Can,,,item,4.0,,Drinks,Menu/Softs - Hot Drinks,Old Jamaica Ginger Beer Can,PINK,Accent,,,1.00000,1,,,LOCAL,,,Drinks/Softs,
SOF.011,Big Tom Tomato Juice Bottle,,,item,4.0,,Drinks,Menu/Softs - Hot Drinks,Big Tom Tomato Juice Bottle,PINK,Accent,,,1.00000,1,,,LOCAL,,,Drinks/Softs,
SOF.012,Soda Water & Lime,,,item,3.0,,Drinks,Menu/Softs - Hot Drinks,Soda Water & Lime,GREEN,Background,,,1.00000,1,,,LOCAL,,,Drinks/Softs,
SOF.013,Apple & Ginger Homemade Soda,,,item,4.5,,Drinks,Menu/Softs - Hot Drinks,Homemade Soda Apple & Ginger,CYAN,Background,,,1.00000,1,,,LOCAL,,,Drinks/Softs,
SOF.014,Strawberry & Basil Homemade Soda,,,item,4.5,,Drinks,Menu/Softs - Hot Drinks,Homemade Soda Strawberry & Basil,CYAN,Background,,,1.00000,1,,,LOCAL,,,Drinks/Softs,
SOF.015,Pina & Chilli Homemade Soda,,,item,4.5,,Drinks,Menu/Softs - Hot Drinks,Homemade Soda Pina & Chilli,CYAN,Background,,,1.00000,1,,,LOCAL,,,Drinks/Softs,
SNA.001,Chilli Rice Crackers,,,item,3.0,,Bar Food,Menu/Snacks \\/\\/ FOOD 🍗🍟,Chilli Rice Crackers,BLUE,Accent,,,,,,,LOCAL,,,Food/Snacks,
SNA.002,Cornichons,,,item,3.0,,Bar Food,Menu/Snacks \\/\\/ FOOD 🍗🍟,Cornichons,BLUE,Accent,,,,,,,LOCAL,,,Food/Snacks,
SNA.003,Crisps Chilli 🌶,,,item,1.7,,Bar Food,,Crisps Chilli,ORANGE,Accent,,,,,,,LOCAL,,,Food/Snacks,
SNA.004,Crisps Prawn 🍤 🦐,,,item,1.7,,Bar Food,,Crisps Prawn,ORANGE,Accent,,,,,,,LOCAL,,,Food/Snacks,
SNA.005,Crisps Rosemary 🌿,,,item,1.7,,Bar Food,,Crisps Rosemary,ORANGE,Accent,,,,,,,LOCAL,,,Food/Snacks,
SNA.006,Crisps Salt Vin 🧂🍷,,,item,1.7,,Bar Food,,Crisps Salt Vin,ORANGE,Accent,,,,,,,LOCAL,,,Food/Snacks,
SNA.007,Crisps Salted 🧂🧂,,,item,1.7,,Bar Food,,Crisps Salted,ORANGE,Accent,,,,,,,LOCAL,,,Food/Snacks,
SNA.008,Ollys Olives,,,item,3.5,,Bar Food,Menu/Snacks \\/\\/ FOOD 🍗🍟,Ollys Olives 🫒,GREEN,Background,,,,,,,LOCAL,,,Food/Snacks,
SNA.009,Peanuts - Dry Roasted,,,item,1.5,,Bar Food,Menu/Snacks \\/\\/ FOOD 🍗🍟,Peanuts 🥜 Dry Roasted,GREEN,Background,,,,,,,LOCAL,,,Food/Snacks,
SNA.010,Peanuts Chilli,,,item,1.5,,Bar Food,Menu/Snacks \\/\\/ FOOD 🍗🍟,Peanuts 🥜🌶 Chilli,DARK_RED,Accent,,,,,,,LOCAL,,,Food/Snacks,
SNA.011,Pistachio Nuts,,,item,3.0,,Bar Food,Menu/Snacks \\/\\/ FOOD 🍗🍟,Pistachio Nuts,PURPLE,Accent,,,,,,,LOCAL,,,Food/Snacks,
SNA.012,Snackalami,,,item,3.5,,Bar Food,Menu/Snacks \\/\\/ FOOD 🍗🍟,Snackalami,BLUE,Accent,,,,,,,LOCAL,,,Food/Snacks,
SNA.013,Salty Dog Crisps,,,item,1.7,,Bar Food,,Salty Dog Crisps,BLUE,Accent,,,,,,,LOCAL,,,Food/Snacks,
GAM.001,Adult - Round Of Golf,,,item,7.0,,Games,Menu/Games,Adult - Round Of Golf 👩👨,BLUE,Accent,,,,,,,LOCAL,,,Misc/Games,
GAM.002,Adult - Round Of Golf & Four Tokens,,,item,10.0,,Games,Menu/Games,Adult - Round Of Golf & Four Tokens,BLUE,Accent,,,,,,,LOCAL,,,Misc/Games,
GAM.003,Under 18S - Round Of Golf,,,item,7.0,,Games,Menu/Games,Under 18S - Round Of Golf👶,BLUE,Accent,,,,,,,LOCAL,,,Misc/Games,
GAM.004,Under 18S - Round Of Golf & Four Tokens,,,item,10.0,,Games,Menu/Games,Under 18S - Round Of Golf & Four Tokens,BLUE,Accent,,,,,,,LOCAL,,,Misc/Games,
GAM.005,Pool - Half Hour,,,item,6.0,,Games,Menu/Games,Pool - Half Hour   🎱,PURPLE,Accent,,,,,,,LOCAL,,,Misc/Games,
GAM.006,Pool - Hour,,,item,12.0,,Games,Menu/Games,Pool - Hour 🎱🎱,PURPLE,Background,,,,,,,LOCAL,,,Misc/Games,
GAM.007,5 Arcade Tokens,,,item,4.0,,Games,Menu/Games,5 Arcade Tokens 💰,GRAY,Background,,,,,,,LOCAL,,,Misc/Games,
CTL.039,Cosmopolitan,,,item,11.0,,Drinks,,Cosmopolitan,BLUE,Accent,,,1.00000,1,,,LOCAL,,,Drinks/Cocktails,
CTL.040,Watermelon Daiquiri,,,item,10.0,,Drinks,Menu/Cocktails & Warmers,Daiquiri,BLUE,Accent,,,1.00000,1,,,LOCAL,,,Drinks/Cocktails,
CTL.041,London Ting,,,item,8.0,,Drinks,Menu/Cocktails & Warmers,London Ting,BLUE,Accent,,,1.00000,1,,,LOCAL,,,Drinks/Cocktails,
CTL.042,Bellini,,,item,8.0,,Drinks,,Bellini,BLUE,Accent,,,1.00000,1,,,LOCAL,,,Drinks/Cocktails,
W.MISC.01,Mulled Wine,,,item,8.0,,Drinks,,Mulled Wine,BLACK,Background,,,25.00000,ML,,,LOCAL,,,Drinks/Wines,
W.MISC.25ml.02,25ml Umeshu Plum Sake,,,item,5.0,,Drinks,,25ml Umeshu Plum Sake,BLUE,Accent,,,50.00000,ML,,,LOCAL,,,Drinks/Wines,
W.MISC.50ml.02,50ml Umeshu Plum Sake,,,item,10.0,,Drinks,,50ml Umeshu Plum Sake,BLUE,Accent,,,500.00000,ML,,,LOCAL,,,Drinks/Wines,
W.MISC.BTL.02,Umeshu Plum Sake Btl,,,item,0.0,,Drinks,,Umeshu Plum Sake Btl,BLUE,Accent,,,,,,,LOCAL,,,Drinks/Wines,
SPI.25ml.082,25ml Limoncello,,,item,4.0,,Drinks,,25ml Limoncello,BLUE,Accent,,,25.00000,ML,,,LOCAL,,,Spirits/Liqueur,
SPI.50ml.082,50ml Limoncello,,,item,7.0,,Drinks,,50ml Limoncello,BLUE,Accent,,,50.00000,ML,,,LOCAL,,,Spirits/Liqueur,
SPI.BTL.082,Limoncello Btl,,,item,0.0,,Drinks,,Limoncello Btl,BLUE,Accent,,,700.00000,ML,,,LOCAL,,,Spirits/Liqueur,
MSC.01,Item Note,,,sub-item,0.0,,Misc,Menu/Msgs - Func,Item Note,BLUE,Accent,,,,,,,SHARED,,,,
MSC.03,Open Drink,,,item,,,Drinks,Menu/Msgs - Func,Open Drink,BLUE,Accent,,,,,,,SHARED,,,default/Open Drink,
MSC.02,Open Food,,,item,,,Food,Menu/Msgs - Func,Open Food,BLUE,Accent,,,,,,,SHARED,,,default/Open Food,
1035,Prepaid Tab,,,item,,,Misc,Menu/Msgs - Func,Prepaid Tab,BLUE,Accent,,,,,,,LOCAL,,,,
GAM.008,3 Arcade Tokens,,,item,0.0,,Games,,3 Arcade Tokens,BLUE,Accent,,,,,,,LOCAL,3 Arcade Tokens,,Misc/Games,
IDC.01,ID Check,,,item,0.0,,Misc,Menu/Msgs - Func,ID Check,DARK_RED,Background,,,,,,,SHARED,,,,
574,Test,,,item,1.0,,Food,Menu/Msgs - Func,Test,BLUE,Accent,,,,,,,SHARED,,,,
JUI.1l.001,Apple Juice 1l,,,item,0.0,,Drinks,,Apple Juice 1l,BLUE,Accent,,,1000.00000,ML,,,LOCAL,,,Drinks/Softs,
JUI.1l.002,Cranberry Juice 1l,,,item,0.0,,Drinks,,Cranberry Juice 1l,BLUE,Accent,,,1000.00000,ML,,,LOCAL,,,Drinks/Softs,
JUI.1l.003,Grapefruit Juice 1l,,,item,0.0,,Drinks,,Grapefruit Juice 1l,BLUE,Accent,,,1000.00000,ML,,,LOCAL,,,Drinks/Softs,
JUI.1l.004,Orange Juice 1l,,,item,0.0,,Drinks,,Orange Juice 1l,BLUE,Accent,,,1000.00000,ML,,,LOCAL,,,Drinks/Softs,
JUI.1l.005,Pineapple Juice 1l,,,item,0.0,,Drinks,,Pineapple Juice 1l,BLUE,Accent,,,1000.00000,ML,,,LOCAL,,,Drinks/Softs,
1040w,Words of wisdom,,,item,14.0,,Drinks,Menu/Beer & Cider,Words of wisdom sour 🥫,CYAN,Background,,,440.00000,ML,,,LOCAL,Words of wisdom,,Beer/Can,
1056,Mango Banana,,,item,7.8,,Drinks,,Mango Banana 🥫,CYAN,Background,,,440.00000,ML,,,LOCAL,Mango Banana,,Beer/Can,
1057,Budweiser btl,,,item,4.8,,Drinks,Menu/Beer & Cider,Budweiser btl,YELLOW,Accent,,,330.00000,ML,,,LOCAL,Budweiser btl,,Beer/Bottle,
1060,Kalimocho,,,item,8.0,,Drinks,Menu/Wines - Prosecco,Kalimocho,DARK_RED,Background,,,25.00000,ML,,,LOCAL,Kalimocho,,Drinks/Wines,
1062,Vida Mezcal 700ml,,,item,0.0,,Drinks,,Vida Mezcal 700ml,BLUE,Accent,,,700.00000,ML,,,LOCAL,Vida Mezcal 700ml,,Spirits/Absinthe - Tequila - Mezcal,
1064,25ml Vida Mezcal,,,item,7.0,,Drinks,Menu/Shots,25ml Vida Mezcal,BLUE,Accent,,,25.00000,ML,,,LOCAL,25ml Vida Mezcal,,Spirits/Absinthe - Tequila - Mezcal,
1065,50ml Vida Mezcal,,,item,12.0,,Drinks,,50ml Vida Mezcal,BLUE,Accent,,,50.00000,ML,,,LOCAL,50ml Vida Mezcal,,Spirits/Absinthe - Tequila - Mezcal,
1067,Triple Sec 700ml,,,item,0.0,,Drinks,,Triple Sec 700ml,BLUE,Accent,,,700.00000,ML,,,LOCAL,Triple  Sec 700ml,,Spirits/Liqueur,
1068,Agave Sirup 1000ml,,,item,0.0,,Ingredients,,Agave Sirup 1000ml,BLUE,Accent,,,1000.00000,ML,,,LOCAL,Agave Sirup 1000ml,,Spirits/Aperitif,
1069,Gomme Sirup 700ml,,,item,0.0,,Ingredients,,Gomme Sirup 700ml,BLUE,Accent,,,700.00000,ML,,,LOCAL,Gomme Sirup 700ml,,Spirits/Aperitif,
1070,Grenadine Sirup 700ml,,,item,0.0,,Ingredients,,Grenadine Sirup 700ml,BLUE,Accent,,,700.00000,ML,,,LOCAL,Grenadine Sirup 700ml,,Spirits/Aperitif,
1071,Lime Juice Fresh 700ml,,,item,0.0,,Ingredients,,Lime Juice Fresh 700ml,BLUE,Accent,,,700.00000,ML,,,LOCAL,Lime Juice Fresh  700ml,,Spirits/Aperitif,
1072,Lemon Juice Fresh 700ml,,,item,0.0,,Ingredients,,Lemon Juice Fresh 700ml,BLUE,Accent,,,700.00000,ML,,,LOCAL,Lemon Juice Fresh 700ml,,Spirits/Aperitif,
1073,TSCHUNK,,,item,9.0,,Drinks,,TSCHUNK,BLUE,Accent,,,1.00000,1,,,LOCAL,TSCHUNK,,Drinks/Cocktails,
1074,WARMERS - HOT TODDY,,,item,8.0,,Drinks,,WARMERS - HOT TEDDY,LIGHT_RED,Background,,,1.00000,1,,,LOCAL,WARMERS -  HOT TEDDY,,Drinks/Cocktails,
1075,Ginger Hot Choc,,,item,8.0,,Drinks,,WARMERS Ginger Hot Choc,LIGHT_RED,Background,,,1.00000,1,,,LOCAL,Ginger Hot Choc,,Drinks/Cocktails,
1088,English breakfast Tea DECAFFFFF,,,item,3.0,,Drinks,Menu/Softs - Hot Drinks/Hot Drinks,English breakfast Tea DECAFFFFF,BLUE,Accent,,,,,,,LOCAL,English breakfast Tea DECAFFFFF,,Drinks/Hot Drinks,
1092,Pink Ting Can,,,item,4.0,,Drinks,Menu/Softs - Hot Drinks,Pink Ting Can,PINK,Accent,,,1.00000,1,,,LOCAL,Pink Ting Can,,Drinks/Softs,
1093,Absinthe Sour,,,item,11.0,,Drinks,,Absinthe Sour,BLUE,Accent,,,1.00000,1,,,LOCAL,Absinthe Sour,,Drinks/Cocktails,
1094,classic cucumber,,,item,10.0,,Drinks,,classic cucumber,GREEN,Background,,,,,,,LOCAL,,,,
1095,rosemarys child,,,item,10.0,,Drinks,,rosemarys child,GREEN,Background,,,,,,,LOCAL,rosemarys child,,,
1096,new fashion,,,item,10.0,,Drinks,,new fashion,GREEN,Background,,,,,,,LOCAL,new fashion,,,
1097,i dont like gin,,,item,10.0,,Drinks,,i dont like gin,GREEN,Background,,,,,,,LOCAL,i dont like gin,,,
1103,CHERRY Breeze Sour Beer,,,item,7.8,,Drinks,Menu/Beer & Cider,CHERRY Breeze Sour Beer 🥫,CYAN,Background,,,440.00000,ML,,,LOCAL,CHERRY Breeze Sour Beer,,Beer/Can,
1105,HIBISCUS Margarita,,,item,11.0,,Drinks,,HIBISCUS Margarita,BLACK,Background,,,1.00000,1,,,LOCAL,HIBISCUS Margarita,,Drinks/Cocktails,
1106,BLOOD MOON,,,item,11.0,,Drinks,,BLOOD MOON,BLACK,Background,,,1.00000,1,,,LOCAL,BLOOD MOON,,Drinks/Cocktails,
1107,SYRINGE SHOT,,,item,6.0,,Drinks,,SYRINGE SHOT,BLACK,Background,,,1.00000,1,,,LOCAL,SYRINGE SHOT,,Drinks/Cocktails,
1108,Beaujolais Nouveau btl,,,item,40.0,,Drinks,,Beaujolais Nouveau btl,DARK_RED,Accent,,,750.00000,ML,,,LOCAL,Beaujolais Nouveau btl,,Drinks/Wines,
1109,Trip Bloody Orange Basil,,,item,3.7,,Drinks,Menu/Softs - Hot Drinks,Trip Bloody Orange Basil,WHITE,Background,,,,,,,LOCAL,Trip Bloody Orange Basil,,,
1110,Trip Peach Ginger,,,item,3.7,,Drinks,Menu/Softs - Hot Drinks,Trip Peach Ginger,WHITE,Background,,,,,,,LOCAL,Trip Peach Ginger,,,
1111,Olivers Cider - Pear,,,item,7.0,,Drinks,Menu/Beer & Cider,Olivers Cider - Pear,DARK_RED,Background,,,,,,,LOCAL,,,,
1112,Almonds Roasted,,,item,3.0,,Bar Food,Menu/Snacks \\/\\/ FOOD 🍗🍟,Almonds Roasted,PURPLE,Accent,,,,,,,LOCAL,Almonds Roasted,,Food/Snacks,
1115,125ml chin chin,,,item,7.0,,Drinks,,125ml chin chin,WHITE,Accent,,,125.00000,ML,,,LOCAL,125ml chin chin,,Drinks/Wines,
1117,Chin Chin Btl,,,item,35.0,,Drinks,,Chin Chin Btl,WHITE,Accent,,,750.00000,ML,,,LOCAL,Chin Chin Btl,,Drinks/Wines,
1124,Dirty martini & fries,,,item,10.0,,Drinks,Menu/Deals,Dirty martini & fries 🍸 🍟,GREEN,Background,,,,,,,LOCAL,,,,
1125,25ml Hanbury spiced cranberry Gin,,,item,6.0,,Drinks,,25ml Hanbury spiced cranberry Gin,BLUE,Accent,,,25.00000,ML,,,LOCAL,25ml Hanbury spiced cranberry Gin,,Spirits/Gin,
1127,50ml Hanbury spiced cranberry Gin,,,item,12.0,,Drinks,,50ml Hanbury spiced cranberry Gin,BLUE,Accent,,,50.00000,ML,,,LOCAL,50ml Hanbury  spiced cranberry Gin,,Spirits/Gin,
1129,Hanbury spiced cranberry Gin 700ml,,,item,0.0,,Drinks,,Hanbury spiced cranberry Gin 700ml,BLUE,Accent,,,700.00000,ML,,,LOCAL,Hanbury  spiced cranberry Gin 700ml,,Spirits/Gin,
1130,Dirty Martini,,,item,11.0,,Drinks,Menu/Cocktails & Warmers,Dirty Martini,BLUE,Accent,,,1.00000,1,,,LOCAL,Dirty  Martini,,Drinks/Cocktails,
1131,Negroni,,,item,11.0,,Drinks,Menu/Cocktails & Warmers,Negroni,BLUE,Accent,,,1.00000,1,,,LOCAL,Negroni,,Drinks/Cocktails,
1132,Sage smash,,,item,11.0,,Drinks,Menu/Cocktails & Warmers,Sage smash,BLUE,Accent,,,1.00000,1,,,LOCAL,Sage smash,,Drinks/Cocktails,
1133,XMAS BRAMBLE,,,item,10.0,,Drinks,,XMAS BRAMBLE,GREEN,Background,,,1.00000,1,,,LOCAL,XMAS BRAMBLE,,Drinks/Cocktails,
1134,Elliots Vermouth VERMUT,,,item,7.0,,Drinks,,Elliots Vermouth VERMUT,BLUE,Accent,,,50.00000,ML,,,LOCAL,Elliots  Vermouth  VERMUT,,Spirits/Vermouth,
1135,Tall Seltz - VERMUT,,,item,0.0,,Drinks,,Tall Seltz - VERMUT,BLUE,Accent,,,1.00000,1,,,LOCAL,Tall Seltz - VERMUT,,Drinks/Cocktails,
1136,Mezcal Martinez,,,item,12.0,,Drinks,Menu/Cocktails & Warmers,Mezcal Martinez,BLUE,Accent,,,1.00000,1,,,LOCAL,Mezcal Martinez,,Drinks/Cocktails,
1137,Apple Cider Half pint,,,item,3.6,,Drinks,,Apple Cider half pint,ORANGE,Accent,,,284.00000,ML,,,LOCAL,Apple Cider  half pint,,Beer/Draught,
1138,Apple Cider Pint,,,item,7.0,,Drinks,,Apple Cider Lager Pint,ORANGE,Accent,,,568.00000,ML,,,LOCAL,Apple Cider Lager Pint,,Beer/Draught,
1141,Guilty Pleasure Cider,,,item,7.0,,Drinks,Menu/Beer & Cider,Guilty Pleasure Cider,ORANGE,Accent,,,2273.00000,ML,,,LOCAL,Cider apple pitcher,,Beer/Draught,
1142,add on shot / JD or 4 roses,,,item,3.0,,Drinks,Menu/Beer & Cider,ADD ON SHOT £3 / JD or 4 roses,GREEN,Background,,,,,,,LOCAL,,,,
1143,Slim line tonic,,,item,3.0,,Drinks,Menu/Softs - Hot Drinks,Slim line tonic,PINK,Accent,,,1.00000,1,,,LOCAL,Slim line tonic,,Drinks/Softs,
1144,Prosecco Gls ALC FREE,,,item,5.0,,Drinks,Menu/Wines - Prosecco,Prosecco Gls ALC FREE,BROWN,Accent,,,200.00000,ML,,,LOCAL,Prosecco Gls ALC FREE,,Drinks/Wines,
1183,Vday Wine bottle ❤️,,,item,40.0,,Drinks,,Vday Wine bottle ❤️,PINK,Background,,,,,,,LOCAL,,,,
1189,Half Pint Juice,,,item,4.0,,Drinks,,Half Pint Juice,BLUE,Accent,,,,,,,LOCAL,,,,
1190,Pint Juice,,,item,7.0,,Drinks,,Pint Juice,BLUE,Accent,,,,,,,LOCAL,,,,
1194,BBQ CHICKEN & CHIPS COMBO 🍗🍿,,,item,10.0,,Food,,BBQ CHICKEN & CHIPS COMBO 🍗🍿,BROWN,Background,,,,,,,LOCAL,,,,
1196,EXTRA CHICKEN🍗,,,item,4.0,,Food,Menu/Snacks \\/\\/ FOOD 🍗🍟,EXTRA CHICKEN🍗,BROWN,Background,,,,,,,LOCAL,,,,
1198,BBQ BRISKET & CHIPS COMBO 🍗🍿,,,item,10.0,,Food,,BBQ BRISKET & CHIPS COMBO 🥩🍿,BROWN,Background,,,,,,,LOCAL,BBQ BRISKET & CHIPS COMBO 🍗🍿,,,
1199,GARLIC BUTTER SHROOMS & CHIPS COMBO 🍗🍿,,,item,9.0,,Food,,SHROOMS & CHIPS COMBO 🍄🍿,BROWN,Background,,,,,,,LOCAL,GARLIC BUTTER SHROOMS & CHIPS COMBO 🍗🍿,,,
1200,PARDON PEPPERS 🫑🌶,,,item,6.0,,Food,Menu/Snacks \\/\\/ FOOD 🍗🍟,PARDON PEPPERS 🫑🌶,BROWN,Background,,,,,,,LOCAL,PARDON PEPPERS 🫑🌶,,,
1201,EXTRA CHEESE 🧀,,,item,4.0,,Food,Menu/Snacks \\/\\/ FOOD 🍗🍟,EXTRA CHEESE 🧀,BROWN,Background,,,,,,,LOCAL,EXTRA CHEESE 🧀,,,
1202,EXTRA SHROOMS 🍄,,,item,4.0,,Food,,EXTRA SHROOMS 🍄,BROWN,Background,,,,,,,LOCAL,EXTRA SHROOMS 🍄,,,
1204,MAYO,,,item,0.0,,Bar Food,,MAYO,BLUE,Accent,,,,,,,LOCAL,,,,
1205,BURGER SAUCE,,,item,0.0,,Food,,BURGER SAUCE,BLUE,Accent,,,,,,,LOCAL,,,,
1206,KETCHUP,,,item,0.0,,Bar Food,,KETCHUP,BLUE,Accent,,,,,,,LOCAL,,,,
1207,CHIPOTLE MAYO,,,item,0.0,,Bar Food,,CHIPOTLE MAYO,BLUE,Accent,,,,,,,LOCAL,,,,
1217,SMASH BURGER 🥩,,,item,12.0,,Food,Menu/Snacks \\/\\/ FOOD 🍗🍟,CHEESE BURGER 🥩 & Chips,ORANGE,Background,,,,,,,LOCAL,,,,
1218,CHICKEN BURGER 🍗🐔,,,item,12.0,,Food,Menu/Snacks \\/\\/ FOOD 🍗🍟,CHICKEN BURGER 🍗🐔,BROWN,Background,,,,,,,LOCAL,CHICKEN BURGER 🍗🐔,,,
1221,chicken,,,item,0.0,,Food,,chicken,BLUE,Accent,,,,,,,LOCAL,,,,
1222,brisket,,,item,0.0,,Food,,brisket,BLUE,Accent,,,,,,,LOCAL,,,,
1223,shroom,,,item,0.0,,Bar Food,,shroom,BLUE,Accent,,,,,,,LOCAL,,,,
1228,Green Smoke,,,item,12.0,,Drinks,Menu/Cocktails & Warmers,Green Smoke,BLUE,Accent,,,,,,,LOCAL,,,,
1229,Alcoholic Ginger Beer - Umbrella,,,item,7.0,,Drinks,Menu/Beer & Cider,Alcoholic Ginger Beer - Umbrella,BLUE,Accent,,,,,,,LOCAL,,,,
1230,Messi Pimms,,,item,11.0,,Drinks,,Messi Pimms,BLUE,Accent,,,,,,,LOCAL,,,,
1231,Lillet Soda,,,item,10.0,,Drinks,Menu/Cocktails & Warmers,Lillet Soda,BLUE,Accent,,,,,,,LOCAL,,,,
1232,Halloumi Burger and Chips,,,item,11.0,,Food,Menu/Snacks \\/\\/ FOOD 🍗🍟,Halloumi Burger and Chips,GREEN,Background,,,,,,,LOCAL,,,,
1233,Rhys's Peaches,,,item,10.0,,Drinks,Menu/Cocktails & Warmers,Rhys's Peaches,BLUE,Accent,,,,,,,LOCAL,,,,
1234,Spring Rolls,,,item,6.0,,Food,Menu/Snacks \\/\\/ FOOD 🍗🍟,Spring Rolls,GREEN,Background,,,,,,,LOCAL,,,,
1235,Mortadella Roll,,,item,10.0,,Food,Menu/Snacks \\/\\/ FOOD 🍗🍟,Mortadella Roll & Chips,ORANGE,Background,,,,,,,LOCAL,,,,
1236,CHEESY CHIP BUTTY,,,item,8.0,,Food,Menu/Snacks \\/\\/ FOOD 🍗🍟,CHEESY CHIP BUTTY,BLUE,Accent,,,,,,,LOCAL,,,,
1237,RHYS'S PEACHES HH,,,item,7.0,,Drinks,Menu/Deals,RHYS'S PEACHES HH,BLUE,Accent,,,,,,,LOCAL,,,,
1238,Cheesy Chip Butty & Chips,,,item,8.0,,Food,Menu/Snacks \\/\\/ FOOD 🍗🍟,Cheesy Chip Butty & Chips,ORANGE,Background,,,,,,,LOCAL,,,,
1239,BBQ CHICKEN WRAP,,,item,10.0,,Food,Menu/Snacks \\/\\/ FOOD 🍗🍟,E PITTA ME (MEAT PITTA),YELLOW,Accent,,,,,,,LOCAL,,,,
1240,BBQ STEAK WRAP,,,item,10.0,,Food,Menu/Snacks \\/\\/ FOOD 🍗🍟,VEGGIE PITTA,YELLOW,Accent,,,,,,,LOCAL,,,,
1241,CHEESE BURGER - NO CHIPS,,,item,9.0,,Bar Food,Menu/Snacks \\/\\/ FOOD 🍗🍟,CHEESE BURGER - NO CHIPS,ORANGE,Accent,,,,,,,LOCAL,,,,
1242,Halloumi Bun & Chips,,,item,12.0,,Food,,Halloumi Bun & Chips,GREEN,Background,,,,,,,LOCAL,,,,
CTL.GRP.01,Tall Seltz.,,1-1,group,0.0,,,,Tall Seltz.,BLUE,Accent,,,,,,,LOCAL,,,,
CTL.031,,CTL.GRP.01,,,,,,,,,,,,,,,,,,,,
CTL.032,,CTL.GRP.01,,,,,,,,,,,,,,,,,,,,
CTL.033,,CTL.GRP.01,,,,,,,,,,,,,,,,,,,,
CTL.034,,CTL.GRP.01,,,,,,,,,,,,,,,,,,,,
CTL.035,,CTL.GRP.01,,,,,,,,,,,,,,,,,,,,
CTL.036,,CTL.GRP.01,,,,,,,,,,,,,,,,,,,,
SPI.GRP.MIX.01,Spirit Mixers 25ml.,,0-1,group,0.0,,,Menu/Msgs - Func,Spirit Mixers 25ml.,BLUE,Accent,,,,,,,LOCAL,,,,
SOF.MIX.001,,SPI.GRP.MIX.01,,,,1.00,,,,,,,,,,,,,,,,
SOF.MIX.002,,SPI.GRP.MIX.01,,,,1.00,,,,,,,,,,,,,,,,
SOF.MIX.003,,SPI.GRP.MIX.01,,,,1.00,,,,,,,,,,,,,,,,
SOF.MIX.004,,SPI.GRP.MIX.01,,,,1.00,,,,,,,,,,,,,,,,
JUI.MIX.001,,SPI.GRP.MIX.01,,,,1.00,,,,,,,,,,,,,,,,
JUI.MIX.002,,SPI.GRP.MIX.01,,,,1.00,,,,,,,,,,,,,,,,
JUI.MIX.003,,SPI.GRP.MIX.01,,,,1.00,,,,,,,,,,,,,,,,
JUI.MIX.004,,SPI.GRP.MIX.01,,,,1.00,,,,,,,,,,,,,,,,
JUI.MIX.005,,SPI.GRP.MIX.01,,,,1.00,,,,,,,,,,,,,,,,
SOF.005,,SPI.GRP.MIX.01,,,,2.00,,,,,,,,,,,,,,,,
SOF.006,,SPI.GRP.MIX.01,,,,2.00,,,,,,,,,,,,,,,,
SOF.007,,SPI.GRP.MIX.01,,,,2.00,,,,,,,,,,,,,,,,
SOF.010,,SPI.GRP.MIX.01,,,,2.00,,,,,,,,,,,,,,,,
1092,,SPI.GRP.MIX.01,,,,2.00,,,,,,,,,,,,,,,,
SOF.009,,SPI.GRP.MIX.01,,,,3.50,,,,,,,,,,,,,,,,
1143,,SPI.GRP.MIX.01,,,,2.00,,,,,,,,,,,,,,,,
SOF.012,,SPI.GRP.MIX.01,,,,1.00,,,,,,,,,,,,,,,,
SPI.GRP.MIX.02,Spirit Mixers 50ml.,,0-2,group,0.0,,,Menu/Msgs - Func,Spirit Mixers 50ml.,BLUE,Accent,,,,,,,LOCAL,,,,
SOF.MIX.001,,SPI.GRP.MIX.02,,,,,,,,,,,,,,,,,,,,
SOF.MIX.002,,SPI.GRP.MIX.02,,,,,,,,,,,,,,,,,,,,
SOF.MIX.003,,SPI.GRP.MIX.02,,,,,,,,,,,,,,,,,,,,
SOF.MIX.004,,SPI.GRP.MIX.02,,,,,,,,,,,,,,,,,,,,
JUI.MIX.001,,SPI.GRP.MIX.02,,,,,,,,,,,,,,,,,,,,
JUI.MIX.002,,SPI.GRP.MIX.02,,,,,,,,,,,,,,,,,,,,
JUI.MIX.003,,SPI.GRP.MIX.02,,,,,,,,,,,,,,,,,,,,
JUI.MIX.004,,SPI.GRP.MIX.02,,,,,,,,,,,,,,,,,,,,
JUI.MIX.005,,SPI.GRP.MIX.02,,,,,,,,,,,,,,,,,,,,
SOF.005,,SPI.GRP.MIX.02,,,,1.00,,,,,,,,,,,,,,,,
SOF.006,,SPI.GRP.MIX.02,,,,1.00,,,,,,,,,,,,,,,,
SOF.007,,SPI.GRP.MIX.02,,,,1.00,,,,,,,,,,,,,,,,
SOF.010,,SPI.GRP.MIX.02,,,,1.00,,,,,,,,,,,,,,,,
1092,,SPI.GRP.MIX.02,,,,1.00,,,,,,,,,,,,,,,,
SOF.009,,SPI.GRP.MIX.02,,,,3.50,,,,,,,,,,,,,,,,
1143,,SPI.GRP.MIX.02,,,,1.00,,,,,,,,,,,,,,,,
SOF.012,,SPI.GRP.MIX.02,,,,1.00,,,,,,,,,,,,,,,,
SPI.GRP.XTR,Spirit Extras.,,0-*,group,,,,,Spirit Extras.,BLUE,Accent,,,,,,,LOCAL,,,,
SPI.GRP.011,Beefeater Pink.,,1-1,group,,,,,Beefeater Pink.,BLUE,Accent,,,,,,,LOCAL,,,,
SPI.25ml.011,,SPI.GRP.011,,,,,,,,,,,,,,,,,,,,
SPI.50ml.011,,SPI.GRP.011,,,,,,,,,,,,,,,,,,,,
SPI.GRP.012,Bitter Truth.,,1-1,group,,,,,Bitter Truth.,BLUE,Accent,,,,,,,LOCAL,,,,
SPI.25ml.012,,SPI.GRP.012,,,,,,,,,,,,,,,,,,,,
SPI.50ml.012,,SPI.GRP.012,,,,,,,,,,,,,,,,,,,,
SPI.GRP.013,Bulleit Bourbon.,,1-1,group,,,,,Bulleit Bourbon.,BLUE,Accent,,,,,,,LOCAL,,,,
SPI.25ml.013,,SPI.GRP.013,,,,,,,,,,,,,,,,,,,,
SPI.50ml.013,,SPI.GRP.013,,,,,,,,,,,,,,,,,,,,
SPI.GRP.014,Cachaca Pindorama.,,1-1,group,,,,,Cachaca Pindorama.,BLUE,Accent,,,,,,,LOCAL,,,,
SPI.25ml.014,,SPI.GRP.014,,,,,,,,,,,,,,,,,,,,
SPI.50ml.014,,SPI.GRP.014,,,,,,,,,,,,,,,,,,,,
SPI.GRP.015,Campari Bitter.,,1-1,group,,,,,Campari Bitter.,BLUE,Accent,,,,,,,LOCAL,,,,
SPI.25ml.015,,SPI.GRP.015,,,,,,,,,,,,,,,,,,,,
SPI.50ml.015,,SPI.GRP.015,,,,,,,,,,,,,,,,,,,,
SPI.GRP.016,Cazcabel Blanco.,,1-1,group,,,,,Cazcabel Blanco.,BLUE,Accent,,,,,,,LOCAL,,,,
SPI.25ml.016,,SPI.GRP.016,,,,,,,,,,,,,,,,,,,,
SPI.50ml.016,,SPI.GRP.016,,,,,,,,,,,,,,,,,,,,
SPI.GRP.017,Cazcabel Coconut.,,1-1,group,,,,,Cazcabel Coconut.,BLUE,Accent,,,,,,,LOCAL,,,,
SPI.25ml.017,,SPI.GRP.017,,,,,,,,,,,,,,,,,,,,
SPI.50ml.017,,SPI.GRP.017,,,,,,,,,,,,,,,,,,,,
SPI.GRP.018,Cazcabel Coffee.,,1-1,group,,,,,Cazcabel Coffee.,BLUE,Accent,,,,,,,LOCAL,,,,
SPI.25ml.018,,SPI.GRP.018,,,,,,,,,,,,,,,,,,,,
SPI.50ml.018,,SPI.GRP.018,,,,,,,,,,,,,,,,,,,,
SPI.GRP.019,Cazcabel Honey.,,1-1,group,,,,,Cazcabel Honey.,BLUE,Accent,,,,,,,LOCAL,,,,
SPI.25ml.019,,SPI.GRP.019,,,,,,,,,,,,,,,,,,,,
SPI.50ml.019,,SPI.GRP.019,,,,,,,,,,,,,,,,,,,,
SPI.GRP.020,Cazcabel Reposado.,,1-1,group,,,,,Cazcabel Reposado.,BLUE,Accent,,,,,,,LOCAL,,,,
SPI.25ml.020,,SPI.GRP.020,,,,,,,,,,,,,,,,,,,,
SPI.50ml.020,,SPI.GRP.020,,,,,,,,,,,,,,,,,,,,
SPI.GRP.021,Chivas Regal.,,1-1,group,,,,,Chivas Regal.,BLUE,Accent,,,,,,,LOCAL,,,,
SPI.25ml.021,,SPI.GRP.021,,,,,,,,,,,,,,,,,,,,
SPI.50ml.021,,SPI.GRP.021,,,,,,,,,,,,,,,,,,,,
SPI.GRP.022,Cocchi Vermouth.,,1-1,group,,,,,Cocchi Vermouth.,BLUE,Accent,,,,,,,LOCAL,,,,
SPI.25ml.022,,SPI.GRP.022,,,,,,,,,,,,,,,,,,,,
SPI.50ml.022,,SPI.GRP.022,,,,,,,,,,,,,,,,,,,,
SPI.GRP.023,Cointreau Orange Liqueur.,,1-1,group,,,,,Cointreau Orange Liqueur.,BLUE,Accent,,,,,,,LOCAL,,,,
SPI.25ml.023,,SPI.GRP.023,,,,,,,,,,,,,,,,,,,,
SPI.50ml.023,,SPI.GRP.023,,,,,,,,,,,,,,,,,,,,
SPI.GRP.024,Courvoisier VSOP Cognac.,,1-1,group,,,,,Courvoisier VSOP Cognac.,BLUE,Accent,,,,,,,LOCAL,,,,
SPI.25ml.024,,SPI.GRP.024,,,,,,,,,,,,,,,,,,,,
SPI.50ml.024,,SPI.GRP.024,,,,,,,,,,,,,,,,,,,,
SPI.GRP.025,Cut Spiced Rum.,,1-1,group,,,,,Cut Spiced Rum.,BLUE,Accent,,,,,,,LOCAL,,,,
SPI.25ml.025,,SPI.GRP.025,,,,,,,,,,,,,,,,,,,,
SPI.50ml.025,,SPI.GRP.025,,,,,,,,,,,,,,,,,,,,
SPI.GRP.026,Cynar vermouth .,,1-1,group,,,,,Cynar vermouth .,BLUE,Accent,,,,,,,LOCAL,,,,
SPI.25ml.026,,SPI.GRP.026,,,,,,,,,,,,,,,,,,,,
SPI.50ml.026,,SPI.GRP.026,,,,,,,,,,,,,,,,,,,,
SPI.GRP.027,Devils Botany Absinthe 24% Chocolate Liqueur.,,1-1,group,,,,,Devils Botany Absinthe 24% Chocolate Liqueur.,BLUE,Accent,,,,,,,LOCAL,,,,
SPI.25ml.027,,SPI.GRP.027,,,,,,,,,,,,,,,,,,,,
SPI.50ml.027,,SPI.GRP.027,,,,,,,,,,,,,,,,,,,,
SPI.GRP.028,Devils Botany Absinthe 45%.,,1-1,group,,,,,Devils Botany Absinthe 45%.,BLUE,Accent,,,,,,,LOCAL,,,,
SPI.25ml.028,,SPI.GRP.028,,,,,,,,,,,,,,,,,,,,
SPI.50ml.028,,SPI.GRP.028,,,,,,,,,,,,,,,,,,,,
SPI.GRP.029,Devils Botany Absinthe 63%.,,1-1,group,,,,,Devils Botany Absinthe 63%.,BLUE,Accent,,,,,,,LOCAL,,,,
SPI.25ml.029,,SPI.GRP.029,,,,,,,,,,,,,,,,,,,,
SPI.50ml.029,,SPI.GRP.029,,,,,,,,,,,,,,,,,,,,
SPI.GRP.030,Diplomatico Reserva Exclusiva Dark Rum.,,1-1,group,,,,,Diplomatico Reserva Exclusiva Dark Rum.,BLUE,Accent,,,,,,,LOCAL,,,,
SPI.25ml.030,,SPI.GRP.030,,,,,,,,,,,,,,,,,,,,
SPI.50ml.030,,SPI.GRP.030,,,,,,,,,,,,,,,,,,,,
SPI.GRP.031,Disaronno Amaretto.,,1-1,group,,,,,Disaronno Amaretto.,BLUE,Accent,,,,,,,LOCAL,,,,
SPI.25ml.031,,SPI.GRP.031,,,,,,,,,,,,,,,,,,,,
SPI.50ml.031,,SPI.GRP.031,,,,,,,,,,,,,,,,,,,,
SPI.GRP.032,Fernet Branca.,,1-1,group,,,,,Fernet Branca.,BLUE,Accent,,,,,,,LOCAL,,,,
SPI.25ml.032,,SPI.GRP.032,,,,,,,,,,,,,,,,,,,,
SPI.50ml.032,,SPI.GRP.032,,,,,,,,,,,,,,,,,,,,
SPI.GRP.033,Four Roses Bourbon.,,1-1,group,,,,,Four Roses Bourbon.,BLUE,Accent,,,,,,,LOCAL,,,,
SPI.25ml.033,,SPI.GRP.033,,,,,,,,,,,,,,,,,,,,
SPI.50ml.033,,SPI.GRP.033,,,,,,,,,,,,,,,,,,,,
SPI.GRP.034,Golden Falernum.,,1-1,group,,,,,Goolden Falernum.,BLUE,Accent,,,,,,,LOCAL,,,,
SPI.25ml.034,,SPI.GRP.034,,,,,,,,,,,,,,,,,,,,
SPI.50ml.034,,SPI.GRP.034,,,,,,,,,,,,,,,,,,,,
SPI.GRP.035,Grey Goose Vodka.,,1-1,group,,,,,Grey Goose Vodka.,BLUE,Accent,,,,,,,LOCAL,,,,
SPI.25ml.035,,SPI.GRP.035,,,,,,,,,,,,,,,,,,,,
SPI.50ml.035,,SPI.GRP.035,,,,,,,,,,,,,,,,,,,,
SPI.GRP.036,Hanbury Gin.,,1-1,group,,,,,Hanbury Gin.,BLUE,Accent,,,,,,,LOCAL,,,,
SPI.25ml.036,,SPI.GRP.036,,,,,,,,,,,,,,,,,,,,
SPI.50ml.036,,SPI.GRP.036,,,,,,,,,,,,,,,,,,,,
SPI.GRP.037,Havana Club 3 Year Old White Rum.,,1-1,group,,,,,Havana Club 3 Year Old White Rum.,BLUE,Accent,,,,,,,LOCAL,,,,
SPI.25ml.037,,SPI.GRP.037,,,,,,,,,,,,,,,,,,,,
SPI.50ml.037,,SPI.GRP.037,,,,,,,,,,,,,,,,,,,,
SPI.GRP.038,Havana Club 7 Year Old Dark Rum.,,1-1,group,,,,,Havana Club 7 Year Old Dark Rum.,BLUE,Accent,,,,,,,LOCAL,,,,
SPI.25ml.038,,SPI.GRP.038,,,,,,,,,,,,,,,,,,,,
SPI.50ml.038,,SPI.GRP.038,,,,,,,,,,,,,,,,,,,,
SPI.GRP.039,Havana Club Anejo Especial Rum.,,1-1,group,,,,,Havana Club Anejo Especial Rum.,BLUE,Accent,,,,,,,LOCAL,,,,
SPI.25ml.039,,SPI.GRP.039,,,,,,,,,,,,,,,,,,,,
SPI.50ml.039,,SPI.GRP.039,,,,,,,,,,,,,,,,,,,,
SPI.GRP.040,Havana Especial.,,1-1,group,,,,,Havana Especial.,BLUE,Accent,,,,,,,LOCAL,,,,
SPI.25ml.040,,SPI.GRP.040,,,,,,,,,,,,,,,,,,,,
SPI.50ml.040,,SPI.GRP.040,,,,,,,,,,,,,,,,,,,,
SPI.GRP.041,Hennessy.,,1-1,group,,,,,Hennessy.,BLUE,Accent,,,,,,,LOCAL,,,,
SPI.25ml.041,,SPI.GRP.041,,,,,,,,,,,,,,,,,,,,
SPI.50ml.041,,SPI.GRP.041,,,,,,,,,,,,,,,,,,,,
SPI.GRP.042,Italicus.,,1-1,group,,,,,Italicus.,BLUE,Accent,,,,,,,LOCAL,,,,
SPI.25ml.042,,SPI.GRP.042,,,,,,,,,,,,,,,,,,,,
SPI.50ml.042,,SPI.GRP.042,,,,,,,,,,,,,,,,,,,,
SPI.GRP.043,Jack Daniels.,,1-1,group,,,,,Jack Daniels.,BLUE,Accent,,,,,,,LOCAL,,,,
SPI.25ml.043,,SPI.GRP.043,,,,,,,,,,,,,,,,,,,,
SPI.50ml.043,,SPI.GRP.043,,,,,,,,,,,,,,,,,,,,
SPI.GRP.044,Jägermeister.,,1-1,group,,,,,Jägermeister.,BLUE,Accent,,,,,,,LOCAL,,,,
SPI.25ml.044,,SPI.GRP.044,,,,,,,,,,,,,,,,,,,,
SPI.50ml.044,,SPI.GRP.044,,,,,,,,,,,,,,,,,,,,
SPI.GRP.045,Jameson Black Barrel.,,1-1,group,,,,,Jameson Black Barrel.,BLUE,Accent,,,,,,,LOCAL,,,,
SPI.25ml.045,,SPI.GRP.045,,,,,,,,,,,,,,,,,,,,
SPI.50ml.045,,SPI.GRP.045,,,,,,,,,,,,,,,,,,,,
SPI.GRP.046,Jameson Irish Whiskey.,,1-1,group,,,,,Jameson Irish Whiskey.,BLUE,Accent,,,,,,,LOCAL,,,,
SPI.25ml.046,,SPI.GRP.046,,,,,,,,,,,,,,,,,,,,
SPI.50ml.046,,SPI.GRP.046,,,,,,,,,,,,,,,,,,,,
SPI.GRP.047,Jameson Orange Whiskey.,,1-1,group,,,,,Jameson Orange Whiskey.,BLUE,Accent,,,,,,,LOCAL,,,,
SPI.25ml.047,,SPI.GRP.047,,,,,,,,,,,,,,,,,,,,
SPI.50ml.047,,SPI.GRP.047,,,,,,,,,,,,,,,,,,,,
SPI.GRP.048,Kahlua Liqueur.,,1-1,group,,,,,Kahlua Liqueur.,BLUE,Accent,,,,,,,LOCAL,,,,
SPI.25ml.048,,SPI.GRP.048,,,,,,,,,,,,,,,,,,,,
SPI.50ml.048,,SPI.GRP.048,,,,,,,,,,,,,,,,,,,,
SPI.GRP.049,Kraken Black Spiced Rum.,,1-1,group,,,,,Kraken Black Spiced Rum.,BLUE,Accent,,,,,,,LOCAL,,,,
SPI.25ml.049,,SPI.GRP.049,,,,,,,,,,,,,,,,,,,,
SPI.50ml.049,,SPI.GRP.049,,,,,,,,,,,,,,,,,,,,
SPI.GRP.050,Laphroaig 10 Year Old Whisky.,,1-1,group,,,,,Laphroaig 10 Year Old Whisky.,BLUE,Accent,,,,,,,LOCAL,,,,
SPI.25ml.050,,SPI.GRP.050,,,,,,,,,,,,,,,,,,,,
SPI.50ml.050,,SPI.GRP.050,,,,,,,,,,,,,,,,,,,,
SPI.GRP.051,Lilet Rose.,,1-1,group,,,,,Lilet Rose.,BLUE,Accent,,,,,,,LOCAL,,,,
SPI.25ml.051,,SPI.GRP.051,,,,,,,,,,,,,,,,,,,,
SPI.50ml.051,,SPI.GRP.051,,,,,,,,,,,,,,,,,,,,
SPI.GRP.052,Lucky Sod Irish Whiskey Liqueur.,,1-1,group,,,,,Lucky Sod Irish Whiskey Liqueur.,BLUE,Accent,,,,,,,LOCAL,,,,
SPI.25ml.052,,SPI.GRP.052,,,,,,,,,,,,,,,,,,,,
SPI.50ml.052,,SPI.GRP.052,,,,,,,,,,,,,,,,,,,,
SPI.GRP.053,Madre Mezcal.,,1-1,group,,,,,Madre Mezcal.,BLUE,Accent,,,,,,,LOCAL,,,,
SPI.25ml.053,,SPI.GRP.053,,,,,,,,,,,,,,,,,,,,
SPI.50ml.053,,SPI.GRP.053,,,,,,,,,,,,,,,,,,,,
SPI.GRP.054,Malfy Gin Rosa.,,1-1,group,,,,,Malfy Gin Rosa.,BLUE,Accent,,,,,,,LOCAL,,,,
SPI.25ml.054,,SPI.GRP.054,,,,,,,,,,,,,,,,,,,,
SPI.50ml.054,,SPI.GRP.054,,,,,,,,,,,,,,,,,,,,
SPI.GRP.055,Malfy Limone.,,1-1,group,,,,,Malfy Limone.,BLUE,Accent,,,,,,,LOCAL,,,,
SPI.25ml.055,,SPI.GRP.055,,,,,,,,,,,,,,,,,,,,
SPI.50ml.055,,SPI.GRP.055,,,,,,,,,,,,,,,,,,,,
SPI.GRP.056,Malibu Passionfruit.,,1-1,group,,,,,Malibu Passionfruit.,BLUE,Accent,,,,,,,LOCAL,,,,
SPI.25ml.056,,SPI.GRP.056,,,,,,,,,,,,,,,,,,,,
SPI.50ml.056,,SPI.GRP.056,,,,,,,,,,,,,,,,,,,,
SPI.GRP.057,Malibu White Coconut Rum.,,1-1,group,,,,,Malibu White Coconut Rum.,BLUE,Accent,,,,,,,LOCAL,,,,
SPI.25ml.057,,SPI.GRP.057,,,,,,,,,,,,,,,,,,,,
SPI.50ml.057,,SPI.GRP.057,,,,,,,,,,,,,,,,,,,,
SPI.GRP.058,Martini Rosso Vermouth.,,1-1,group,,,,,Martini Rosso Vermouth.,BLUE,Accent,,,,,,,LOCAL,,,,
SPI.25ml.058,,SPI.GRP.058,,,,,,,,,,,,,,,,,,,,
SPI.50ml.058,,SPI.GRP.058,,,,,,,,,,,,,,,,,,,,
SPI.GRP.059,Monkey 47.,,1-1,group,,,,,Monkey 47.,BLUE,Accent,,,,,,,LOCAL,,,,
SPI.25ml.059,,SPI.GRP.059,,,,,,,,,,,,,,,,,,,,
SPI.50ml.059,,SPI.GRP.059,,,,,,,,,,,,,,,,,,,,
SPI.GRP.060,Monkey 47 Sloe Gin.,,1-1,group,,,,,Monkey 47 Sloe Gin.,BLUE,Accent,,,,,,,LOCAL,,,,
SPI.25ml.060,,SPI.GRP.060,,,,,,,,,,,,,,,,,,,,
SPI.50ml.060,,SPI.GRP.060,,,,,,,,,,,,,,,,,,,,
SPI.GRP.061,Monkey Shoulder Whisky.,,1-1,group,,,,,Monkey Shoulder Whisky.,BLUE,Accent,,,,,,,LOCAL,,,,
SPI.25ml.061,,SPI.GRP.061,,,,,,,,,,,,,,,,,,,,
SPI.50ml.061,,SPI.GRP.061,,,,,,,,,,,,,,,,,,,,
SPI.GRP.062,Nectarine Aperitif.,,1-1,group,,,,,Nectarine Aperitif.,BLUE,Accent,,,,,,,LOCAL,,,,
SPI.25ml.062,,SPI.GRP.062,,,,,,,,,,,,,,,,,,,,
SPI.50ml.062,,SPI.GRP.062,,,,,,,,,,,,,,,,,,,,
SPI.GRP.063,Nikka From The Barrel Whisky.,,1-1,group,,,,,Nikka From The Barrel Whisky.,BLUE,Accent,,,,,,,LOCAL,,,,
SPI.25ml.063,,SPI.GRP.063,,,,,,,,,,,,,,,,,,,,
SPI.50ml.063,,SPI.GRP.063,,,,,,,,,,,,,,,,,,,,
SPI.GRP.064,Olmeca Altos Plata.,,1-1,group,,,,,Olmeca Altos Plata.,BLUE,Accent,,,,,,,LOCAL,,,,
SPI.25ml.064,,SPI.GRP.064,,,,,,,,,,,,,,,,,,,,
SPI.50ml.064,,SPI.GRP.064,,,,,,,,,,,,,,,,,,,,
SPI.GRP.065,Olmeca Altos Reposado.,,1-1,group,,,,,Olmeca Altos Reposado.,BLUE,Accent,,,,,,,LOCAL,,,,
SPI.25ml.065,,SPI.GRP.065,,,,,,,,,,,,,,,,,,,,
SPI.50ml.065,,SPI.GRP.065,,,,,,,,,,,,,,,,,,,,
SPI.GRP.066,Passoa Passion Fruit Liqueur.,,1-1,group,,,,,Passoa Passion Fruit Liqueur.,BLUE,Accent,,,,,,,LOCAL,,,,
SPI.25ml.066,,SPI.GRP.066,,,,,,,,,,,,,,,,,,,,
SPI.50ml.066,,SPI.GRP.066,,,,,,,,,,,,,,,,,,,,
SPI.GRP.067,Pensador Mezcal.,,1-1,group,,,,,Pensador Mezcal.,BLUE,Accent,,,,,,,LOCAL,,,,
SPI.25ml.067,,SPI.GRP.067,,,,,,,,,,,,,,,,,,,,
SPI.50ml.067,,SPI.GRP.067,,,,,,,,,,,,,,,,,,,,
SPI.GRP.068,Ramazotti Sambucca.,,1-1,group,,,,,Ramazotti Sambucca.,BLUE,Accent,,,,,,,LOCAL,,,,
SPI.25ml.068,,SPI.GRP.068,,,,,,,,,,,,,,,,,,,,
SPI.50ml.068,,SPI.GRP.068,,,,,,,,,,,,,,,,,,,,
SPI.GRP.069,Scorch Scotch Whiskey Liqueur.,,1-1,group,,,,,Scorch Scotch Whiskey Liqueur.,BLUE,Accent,,,,,,,LOCAL,,,,
SPI.25ml.069,,SPI.GRP.069,,,,,,,,,,,,,,,,,,,,
SPI.50ml.069,,SPI.GRP.069,,,,,,,,,,,,,,,,,,,,
SPI.GRP.070,Sourz Apple.,,1-1,group,,,,,Sourz Apple.,BLUE,Accent,,,,,,,LOCAL,,,,
SPI.25ml.070,,SPI.GRP.070,,,,,,,,,,,,,,,,,,,,
SPI.50ml.070,,SPI.GRP.070,,,,,,,,,,,,,,,,,,,,
SPI.GRP.071,Sourz Raspberry.,,1-1,group,,,,,Sourz Raspberry.,BLUE,Accent,,,,,,,LOCAL,,,,
SPI.25ml.071,,SPI.GRP.071,,,,,,,,,,,,,,,,,,,,
SPI.50ml.071,,SPI.GRP.071,,,,,,,,,,,,,,,,,,,,
SPI.GRP.072,St-Germain Elderflower Liqueur.,,1-1,group,,,,,St-Germain Elderflower Liqueur.,BLUE,Accent,,,,,,,LOCAL,,,,
SPI.25ml.072,,SPI.GRP.072,,,,,,,,,,,,,,,,,,,,
SPI.50ml.072,,SPI.GRP.072,,,,,,,,,,,,,,,,,,,,
SPI.GRP.073,Tequila Rose Strawberry Liqueur.,,1-1,group,,,,,Tequila Rose Strawberry Liqueur.,BLUE,Accent,,,,,,,LOCAL,,,,
SPI.25ml.073,,SPI.GRP.073,,,,,,,,,,,,,,,,,,,,
SPI.50ml.073,,SPI.GRP.073,,,,,,,,,,,,,,,,,,,,
SPI.GRP.074,The Glenlivet Caribbean Reserve.,,1-1,group,,,,,The Glenlivet Caribbean Reserve.,BLUE,Accent,,,,,,,LOCAL,,,,
SPI.25ml.074,,SPI.GRP.074,,,,,,,,,,,,,,,,,,,,
SPI.50ml.074,,SPI.GRP.074,,,,,,,,,,,,,,,,,,,,
SPI.GRP.075,The Glenlivet Whisky.,,1-1,group,,,,,The Glenlivet Whisky.,BLUE,Accent,,,,,,,LOCAL,,,,
SPI.25ml.075,,SPI.GRP.075,,,,,,,,,,,,,,,,,,,,
SPI.50ml.075,,SPI.GRP.075,,,,,,,,,,,,,,,,,,,,
SPI.GRP.076,The King's Ginger Liqueur.,,1-1,group,,,,,The King's Ginger Liqueur.,BLUE,Accent,,,,,,,LOCAL,,,,
SPI.25ml.076,,SPI.GRP.076,,,,,,,,,,,,,,,,,,,,
SPI.50ml.076,,SPI.GRP.076,,,,,,,,,,,,,,,,,,,,
SPI.GRP.077,Top Cuvee Vermouth.,,1-1,group,,,,,Top Cuvee Vermouth.,BLUE,Accent,,,,,,,LOCAL,,,,
SPI.25ml.077,,SPI.GRP.077,,,,,,,,,,,,,,,,,,,,
SPI.50ml.077,,SPI.GRP.077,,,,,,,,,,,,,,,,,,,,
SPI.GRP.078,Velho Barreiro Cachaca.,,1-1,group,,,,,Velho Barreiro Cachaca.,BLUE,Accent,,,,,,,LOCAL,,,,
SPI.25ml.078,,SPI.GRP.078,,,,,,,,,,,,,,,,,,,,
SPI.50ml.078,,SPI.GRP.078,,,,,,,,,,,,,,,,,,,,
SPI.GRP.079,Woodford Reserve Bourbon.,,1-1,group,,,,,Woodford Reserve Bourbon.,BLUE,Accent,,,,,,,LOCAL,,,,
SPI.25ml.079,,SPI.GRP.079,,,,,,,,,,,,,,,,,,,,
SPI.50ml.079,,SPI.GRP.079,,,,,,,,,,,,,,,,,,,,
SPI.GRP.080,Wray & Nephew Overproof Rum.,,1-1,group,,,,,Wray & Nephew Overproof Rum.,BLUE,Accent,,,,,,,LOCAL,,,,
SPI.25ml.080,,SPI.GRP.080,,,,,,,,,,,,,,,,,,,,
SPI.50ml.080,,SPI.GRP.080,,,,,,,,,,,,,,,,,,,,
SPI.GRP.081,Yellow Chartreuse.,,1-1,group,,,,,Yellow Chartreuse.,BLUE,Accent,,,,,,,LOCAL,,,,
SPI.25ml.081,,SPI.GRP.081,,,,,,,,,,,,,,,,,,,,
SPI.50ml.081,,SPI.GRP.081,,,,,,,,,,,,,,,,,,,,
SPI.GRP.001,Absolute Blue.,,1-1,group,,,,,Absolute Blue.,BLUE,Accent,,,,,,,LOCAL,,,,
SPI.25ml.001,,SPI.GRP.001,,,,,,,,,,,,,,,,,,,,
SPI.50ml.001,,SPI.GRP.001,,,,,,,,,,,,,,,,,,,,
SPI.GRP.002,Amaro.,,1-1,group,,,,,Amaro Averna.,BLUE,Accent,,,,,,,LOCAL,,,,
SPI.25ml.002,,SPI.GRP.002,,,,,,,,,,,,,,,,,,,,
SPI.50ml.002,,SPI.GRP.002,,,,,,,,,,,,,,,,,,,,
SPI.GRP.003,Ancho Reyes Verde.,,1-1,group,,,,,Ancho Reyes Verde.,BLUE,Accent,,,,,,,LOCAL,,,,
SPI.25ml.003,,SPI.GRP.003,,,,,,,,,,,,,,,,,,,,
SPI.50ml.003,,SPI.GRP.003,,,,,,,,,,,,,,,,,,,,
SPI.GRP.004,Antica Classic Sambuca.,,1-1,group,,,,,Antica Classic Sambuca.,BLUE,Accent,,,,,,,LOCAL,,,,
SPI.25ml.004,,SPI.GRP.004,,,,,,,,,,,,,,,,,,,,
SPI.50ml.004,,SPI.GRP.004,,,,,,,,,,,,,,,,,,,,
SPI.GRP.005,Aperol.,,1-1,group,,,,,Aperol.,BLUE,Accent,,,,,,,LOCAL,,,,
SPI.25ml.005,,SPI.GRP.005,,,,,,,,,,,,,,,,,,,,
SPI.50ml.005,,SPI.GRP.005,,,,,,,,,,,,,,,,,,,,
SPI.GRP.006,Archers Peach Snaps.,,1-1,group,,,,,Archers Peach Snaps.,BLUE,Accent,,,,,,,LOCAL,,,,
SPI.25ml.006,,SPI.GRP.006,,,,,,,,,,,,,,,,,,,,
SPI.50ml.006,,SPI.GRP.006,,,,,,,,,,,,,,,,,,,,
SPI.GRP.007,Baileys Liqueur.,,1-1,group,,,,,Baileys Liqueur.,BLUE,Accent,,,,,,,LOCAL,,,,
SPI.25ml.007,,SPI.GRP.007,,,,,,,,,,,,,,,,,,,,
SPI.50ml.007,,SPI.GRP.007,,,,,,,,,,,,,,,,,,,,
SPI.GRP.008,Beefeater London Dry Gin.,,1-1,group,,,,,Beefeater London Dry Gin.,BLUE,Accent,,,,,,,LOCAL,,,,
SPI.25ml.008,,SPI.GRP.008,,,,,,,,,,,,,,,,,,,,
SPI.50ml.008,,SPI.GRP.008,,,,,,,,,,,,,,,,,,,,
SPI.GRP.009,Beefeater Orange.,,1-1,group,,,,,Beefeater Orange.,BLUE,Accent,,,,,,,LOCAL,,,,
SPI.25ml.009,,SPI.GRP.009,,,,,,,,,,,,,,,,,,,,
SPI.50ml.009,,SPI.GRP.009,,,,,,,,,,,,,,,,,,,,
SPI.GRP.010,Beefeater Peach & Raspberry Gin.,,1-1,group,,,,,Beefeater Peach & Raspberry Gin.,BLUE,Accent,,,,,,,LOCAL,,,,
SPI.25ml.010,,SPI.GRP.010,,,,,,,,,,,,,,,,,,,,
SPI.50ml.010,,SPI.GRP.010,,,,,,,,,,,,,,,,,,,,
BEE.CID.GRP.001,Camden Hells Lager.,,1-*,group,,,,,Camden Hells Lager.,BLUE,Accent,,,,,,,LOCAL,,,,
BEE.CID.HLF.001,,BEE.CID.GRP.001,,,,,,,,,,,,,,,,,,,,
BEE.CID.PNT.001,,BEE.CID.GRP.001,,,,,,,,,,,,,,,,,,,,
BEE.CID.4PNT.001,,BEE.CID.GRP.001,,,,,,,,,,,,,,,,,,,,
BEE.CID.GRP.002,Camden Stout.,,1-*,group,,,,,Camden Stout.,BLUE,Accent,,,,,,,LOCAL,,,,
BEE.CID.HLF.002,,BEE.CID.GRP.002,,,,,,,,,,,,,,,,,,,,
BEE.CID.PNT.002,,BEE.CID.GRP.002,,,,,,,,,,,,,,,,,,,,
BEE.CID.GRP.003,XPA Pale.,,1-*,group,,,,,House Pale.,BLUE,Accent,,,,,,,LOCAL,,,,
BEE.CID.HLF.003,,BEE.CID.GRP.003,,,,,,,,,,,,,,,,,,,,
BEE.CID.PNT.003,,BEE.CID.GRP.003,,,,,,,,,,,,,,,,,,,,
W.GRP.001,Blanco Blanco White.,,1-*,group,,,,,Blanco Blanco White.,WHITE,Accent,,,,,,,LOCAL,,,,
W.125ml.001,,W.GRP.001,,,,,,,,,,,,,,,,,,,,
W.BOT.001,,W.GRP.001,,,,,,,,,,,,,,,,,,,,
W.GRP.002,Doom Juice Rose.,,1-*,group,,,,,Doom Juice Rose.,BLUE,Accent,,,,,,,LOCAL,,,,
W.125ml.002,,W.GRP.002,,,,,,,,,,,,,,,,,,,,
W.BOT.002,,W.GRP.002,,,,,,,,,,,,,,,,,,,,
W.GRP.003,Top Cuvee Rose.,,1-*,group,,,,,Top Cuvee Rose.,BLUE,Accent,,,,,,,LOCAL,,,,
W.125ml.003,,W.GRP.003,,,,,,,,,,,,,,,,,,,,
W.BOT.003,,W.GRP.003,,,,,,,,,,,,,,,,,,,,
W.GRP.004,House Top Cuvee Orange.,,1-*,group,,,,,House Top Cuvee Orange.,BLUE,Accent,,,,,,,LOCAL,,,,
W.125ml.004,,W.GRP.004,,,,,,,,,,,,,,,,,,,,
W.BOT.004,,W.GRP.004,,,,,,,,,,,,,,,,,,,,
W.GRP.005,Los Conejos Malditos Red.,,1-*,group,,,,,Los Conejos Malditos Red.,BLUE,Accent,,,,,,,LOCAL,,,,
W.125ml.005,,W.GRP.005,,,,,,,,,,,,,,,,,,,,
W.BOT.005,,W.GRP.005,,,,,,,,,,,,,,,,,,,,
SPI.GRP.082,Limoncello.,,1-1,group,,,,,Limoncello.,BLUE,Accent,,,,,,,LOCAL,,,,
SPI.25ml.082,,SPI.GRP.082,,,,,,,,,,,,,,,,,,,,
SPI.50ml.082,,SPI.GRP.082,,,,,,,,,,,,,,,,,,,,
1037,Tuesday Game Deal Golf.,,1-1,group,0.0,,,,Tuesday Game Deal Golf.,BLUE,Accent,,,,,,,LOCAL,,,,
GAM.001,,1037,,,,,,,,,,,,,,,,,,,,
1039,Tuesday Game Deal Tokens.,,1-1,group,,,,,Tuesday Game Deal Tokens.,BLUE,Accent,,,,,,,LOCAL,,,,
GAM.008,,1039,,,,,,,,,,,,,,,,,,,,
1040,Tuesday Drink Deal.,,1-1,group,0.0,,,,Tuesday Drink Deal.,BLUE,Accent,,,,,,,LOCAL,,,,
SPI.25ml.043,,1040,,,,,,,,,,,,,,,,,,,,
SPI.25ml.001,,1040,,,,,,,,,,,,,,,,,,,,
SPI.25ml.046,,1040,,,,,,,,,,,,,,,,,,,,
SPI.25ml.025,,1040,,,,,,,,,,,,,,,,,,,,
SPI.25ml.037,,1040,,,,,,,,,,,,,,,,,,,,
SPI.25ml.008,,1040,,,,,,,,,,,,,,,,,,,,
BEE.CID.017,,1040,,,,,,,,,,,,,,,,,,,,
BEE.CID.007,,1040,,,,,,,,,,,,,,,,,,,,
BEE.CID.003,,1040,,,,,,,,,,,,,,,,,,,,
BEE.CID.016,,1040,,,,,,,,,,,,,,,,,,,,
W.125ml.001,,1040,,,,,,,,,,,,,,,,,,,,
W.125ml.004,,1040,,,,,,,,,,,,,,,,,,,,
W.125ml.002,,1040,,,,,,,,,,,,,,,,,,,,
W.125ml.005,,1040,,,,,,,,,,,,,,,,,,,,
BEE.CID.015,,1040,,,,,,,,,,,,,,,,,,,,
BEE.CID.001,,1040,,,,,,,,,,,,,,,,,,,,
SPI.25ml.033,,1040,,,,,,,,,,,,,,,,,,,,
JUI.GLS.001,,1040,,,,,,,,,,,,,,,,,,,,
JUI.GLS.002,,1040,,,,,,,,,,,,,,,,,,,,
JUI.GLS.003,,1040,,,,,,,,,,,,,,,,,,,,
JUI.GLS.004,,1040,,,,,,,,,,,,,,,,,,,,
JUI.GLS.005,,1040,,,,,,,,,,,,,,,,,,,,
SOF.HLF.001,,1040,,,,,,,,,,,,,,,,,,,,
SOF.HLF.002,,1040,,,,,,,,,,,,,,,,,,,,
SOF.HLF.003,,1040,,,,,,,,,,,,,,,,,,,,
SOF.HLF.004,,1040,,,,,,,,,,,,,,,,,,,,
SOF.006,,1040,,,,,,,,,,,,,,,,,,,,
SOF.010,,1040,,,,,,,,,,,,,,,,,,,,
SOF.007,,1040,,,,,,,,,,,,,,,,,,,,
CTL.GRP.02,2 for £12.,,2-2,group,0.0,,,,2 for £12.,BLUE,Accent,,,,,,,LOCAL,,,,
CTL.001,,CTL.GRP.02,,,,,,,,,,,,,,,,,,,,
CTL.002,,CTL.GRP.02,,,,,,,,,,,,,,,,,,,,
CTL.004,,CTL.GRP.02,,,,,,,,,,,,,,,,,,,,
CTL.005,,CTL.GRP.02,,,,,,,,,,,,,,,,,,,,
CTL.006,,CTL.GRP.02,,,,,,,,,,,,,,,,,,,,
CTL.007,,CTL.GRP.02,,,,,,,,,,,,,,,,,,,,
CTL.008,,CTL.GRP.02,,,,,,,,,,,,,,,,,,,,
CTL.009,,CTL.GRP.02,,,,,,,,,,,,,,,,,,,,
CTL.011,,CTL.GRP.02,,,,,,,,,,,,,,,,,,,,
CTL.012,,CTL.GRP.02,,,,,,,,,,,,,,,,,,,,
CTL.013,,CTL.GRP.02,,,,,,,,,,,,,,,,,,,,
CTL.014,,CTL.GRP.02,,,,,,,,,,,,,,,,,,,,
CTL.015,,CTL.GRP.02,,,,,,,,,,,,,,,,,,,,
CTL.016,,CTL.GRP.02,,,,,,,,,,,,,,,,,,,,
CTL.019,,CTL.GRP.02,,,,,,,,,,,,,,,,,,,,
CTL.020,,CTL.GRP.02,,,,,,,,,,,,,,,,,,,,
CTL.021,,CTL.GRP.02,,,,,,,,,,,,,,,,,,,,
CTL.022,,CTL.GRP.02,,,,,,,,,,,,,,,,,,,,
CTL.023,,CTL.GRP.02,,,,,,,,,,,,,,,,,,,,
CTL.024,,CTL.GRP.02,,,,,,,,,,,,,,,,,,,,
CTL.028,,CTL.GRP.02,,,,,,,,,,,,,,,,,,,,
CTL.029,,CTL.GRP.02,,,,,,,,,,,,,,,,,,,,
CTL.030,,CTL.GRP.02,,,,,,,,,,,,,,,,,,,,
CTL.031,,CTL.GRP.02,,,,,,,,,,,,,,,,,,,,
CTL.032,,CTL.GRP.02,,,,,,,,,,,,,,,,,,,,
CTL.033,,CTL.GRP.02,,,,,,,,,,,,,,,,,,,,
CTL.034,,CTL.GRP.02,,,,,,,,,,,,,,,,,,,,
CTL.035,,CTL.GRP.02,,,,,,,,,,,,,,,,,,,,
CTL.036,,CTL.GRP.02,,,,,,,,,,,,,,,,,,,,
CTL.037,,CTL.GRP.02,,,,,,,,,,,,,,,,,,,,
CTL.038,,CTL.GRP.02,,,,,,,,,,,,,,,,,,,,
CTL.039,,CTL.GRP.02,,,,,,,,,,,,,,,,,,,,
CTL.040,,CTL.GRP.02,,,,,,,,,,,,,,,,,,,,
CTL.041,,CTL.GRP.02,,,,,,,,,,,,,,,,,,,,
CTL.042,,CTL.GRP.02,,,,,,,,,,,,,,,,,,,,
CTL.026,,CTL.GRP.02,,,,,,,,,,,,,,,,,,,,
1132,,CTL.GRP.02,,,,,,,,,,,,,,,,,,,,
1136,,CTL.GRP.02,,,,,,,,,,,,,,,,,,,,
CTL.018,,CTL.GRP.02,,,,,,,,,,,,,,,,,,,,
CTL.017,,CTL.GRP.02,,,,,,,,,,,,,,,,,,,,
SPI.50ml.001,,CTL.GRP.02,,,,,,,,,,,,,,,,,,,,
SPI.50ml.008,,CTL.GRP.02,,,,,,,,,,,,,,,,,,,,
SPI.50ml.025,,CTL.GRP.02,,,,,,,,,,,,,,,,,,,,
SPI.50ml.033,,CTL.GRP.02,,,,,,,,,,,,,,,,,,,,
SPI.50ml.037,,CTL.GRP.02,,,,,,,,,,,,,,,,,,,,
SPI.50ml.046,,CTL.GRP.02,,,,,,,,,,,,,,,,,,,,
SPI.50ml.043,,CTL.GRP.02,,,,,,,,,,,,,,,,,,,,
1058,shots 3 for £14.,,3-3,group,0.0,,,,Cazcabel 3 for £14.,BLUE,Accent,,,,,,,LOCAL,,,,
SPI.25ml.016,,1058,,,,,,,,,,,,,,,,,,,,
SPI.25ml.017,,1058,,,,,,,,,,,,,,,,,,,,
SPI.25ml.018,,1058,,,,,,,,,,,,,,,,,,,,
SPI.25ml.019,,1058,,,,,,,,,,,,,,,,,,,,
SPI.25ml.020,,1058,,,,,,,,,,,,,,,,,,,,
SPI.25ml.068,,1058,,,,,,,,,,,,,,,,,,,,
SPI.25ml.004,,1058,,,,,,,,,,,,,,,,,,,,
SPI.25ml.070,,1058,,,,,,,,,,,,,,,,,,,,
SPI.25ml.071,,1058,,,,,,,,,,,,,,,,,,,,
SPI.25ml.073,,1058,,,,,,,,,,,,,,,,,,,,
SPI.25ml.044,,1058,,,,,,,,,,,,,,,,,,,,
SPI.25ml.001,,1058,,,,,,,,,,,,,,,,,,,,
1077,3 SHOOTERS FOR 16.,,3-3,group,0.0,,,,3 SHOOTERS FOR 16.,BLUE,Accent,,,,,,,LOCAL,,,,
STS.005,,1077,,,,,,,,,,,,,,,,,,,,
STS.006,,1077,,,,,,,,,,,,,,,,,,,,
STS.002,,1077,,,,,,,,,,,,,,,,,,,,
1082,happy hour pints.,,1-*,group,5.0,,,,happy hour pints.,BLUE,Accent,,,,,,,LOCAL,,,,
BEE.CID.PNT.002,,1082,,,,,,,,,,,,,,,,,,,,
BEE.CID.PNT.001,,1082,,,,,,,,,,,,,,,,,,,,
BEE.CID.PNT.003,,1082,,,,,,,,,,,,,,,,,,,,
1138,,1082,,,,,,,,,,,,,,,,,,,,
1084,HAPPY HOUR WINE.,,1-1,group,5.0,,,,HAPPY HOUR WINE.,BLUE,Accent,,,,,,,LOCAL,,,,
W.125ml.001,,1084,,,,,,,,,,,,,,,,,,,,
W.125ml.002,,1084,,,,,,,,,,,,,,,,,,,,
W.125ml.004,,1084,,,,,,,,,,,,,,,,,,,,
W.125ml.005,,1084,,,,,,,,,,,,,,,,,,,,
1086,HAPPY HOUR WINE BOTTLE.,,1-1,group,35.0,,,,HAPPY HOUR WINE BOTTLE.,BLUE,Accent,,,,,,,LOCAL,,,,
W.BOT.001,,1086,,,,,,,,,,,,,,,,,,,,
W.BOT.002,,1086,,,,,,,,,,,,,,,,,,,,
W.BOT.004,,1086,,,,,,,,,,,,,,,,,,,,
W.BOT.005,,1086,,,,,,,,,,,,,,,,,,,,
1118,chin chin.,,1-*,group,,,,,chin chin.,BLUE,Accent,,,,,,,LOCAL,,,,
1115,,1118,,,,,,,,,,,,,,,,,,,,
1117,,1118,,,,,,,,,,,,,,,,,,,,
1122,Beaujolais Nouveau.,,1-*,group,,,,,Beaujolais Nouveau.,DARK_RED,Accent,,,,,,,LOCAL,,,,
1108,,1122,,,,,,,,,,,,,,,,,,,,
1139,Apple cider.,,1-*,group,,,,,Apple cider.,BLUE,Accent,,,,,,,LOCAL,,,,
1137,,1139,,,,,,,,,,,,,,,,,,,,
1138,,1139,,,,,,,,,,,,,,,,,,,,
1145,Spirit Mixers 50ml.happy hour,,0-*,group,0.0,,,,Spirit Mixers 50ml.happy hour,BLUE,Accent,,,,,,,LOCAL,,,,
JUI.MIX.001,,1145,,,,,,,,,,,,,,,,,,,,
SOF.MIX.001,,1145,,,,,,,,,,,,,,,,,,,,
SOF.MIX.002,,1145,,,,,,,,,,,,,,,,,,,,
JUI.MIX.002,,1145,,,,,,,,,,,,,,,,,,,,
JUI.MIX.003,,1145,,,,,,,,,,,,,,,,,,,,
JUI.MIX.004,,1145,,,,,,,,,,,,,,,,,,,,
JUI.MIX.005,,1145,,,,,,,,,,,,,,,,,,,,
SOF.MIX.003,,1145,,,,,,,,,,,,,,,,,,,,
SOF.MIX.004,,1145,,,,,,,,,,,,,,,,,,,,
SOF.005,,1145,,,,,,,,,,,,,,,,,,,,
SOF.006,,1145,,,,,,,,,,,,,,,,,,,,
SOF.010,,1145,,,,,,,,,,,,,,,,,,,,
SOF.012,,1145,,,,,,,,,,,,,,,,,,,,
1185,cocktail 7.,,1-1,group,0.0,,,,cocktail 7.,BLUE,Accent,,,,,,,LOCAL,,,,
CTL.001,,1185,,,,,,,,,,,,,,,,,,,,
CTL.038,,1185,,,,,,,,,,,,,,,,,,,,
CTL.008,,1185,,,,,,,,,,,,,,,,,,,,
CTL.014,,1185,,,,,,,,,,,,,,,,,,,,
CTL.002,,1185,,,,,,,,,,,,,,,,,,,,
CTL.004,,1185,,,,,,,,,,,,,,,,,,,,
CTL.005,,1185,,,,,,,,,,,,,,,,,,,,
CTL.006,,1185,,,,,,,,,,,,,,,,,,,,
CTL.017,,1185,,,,,,,,,,,,,,,,,,,,
CTL.030,,1185,,,,,,,,,,,,,,,,,,,,
CTL.037,,1185,,,,,,,,,,,,,,,,,,,,
CTL.007,,1185,,,,,,,,,,,,,,,,,,,,
CTL.016,,1185,,,,,,,,,,,,,,,,,,,,
CTL.039,,1185,,,,,,,,,,,,,,,,,,,,
CTL.040,,1185,,,,,,,,,,,,,,,,,,,,
CTL.009,,1185,,,,,,,,,,,,,,,,,,,,
1130,,1185,,,,,,,,,,,,,,,,,,,,
CTL.011,,1185,,,,,,,,,,,,,,,,,,,,
CTL.013,,1185,,,,,,,,,,,,,,,,,,,,
CTL.012,,1185,,,,,,,,,,,,,,,,,,,,
CTL.015,,1185,,,,,,,,,,,,,,,,,,,,
CTL.019,,1185,,,,,,,,,,,,,,,,,,,,
1131,,1185,,,,,,,,,,,,,,,,,,,,
CTL.021,,1185,,,,,,,,,,,,,,,,,,,,
CTL.022,,1185,,,,,,,,,,,,,,,,,,,,
CTL.023,,1185,,,,,,,,,,,,,,,,,,,,
CTL.024,,1185,,,,,,,,,,,,,,,,,,,,
CTL.026,,1185,,,,,,,,,,,,,,,,,,,,
CTL.028,,1185,,,,,,,,,,,,,,,,,,,,
1132,,1185,,,,,,,,,,,,,,,,,,,,
CTL.031,,1185,,,,,,,,,,,,,,,,,,,,
CTL.032,,1185,,,,,,,,,,,,,,,,,,,,
CTL.033,,1185,,,,,,,,,,,,,,,,,,,,
CTL.034,,1185,,,,,,,,,,,,,,,,,,,,
CTL.035,,1185,,,,,,,,,,,,,,,,,,,,
CTL.036,,1185,,,,,,,,,,,,,,,,,,,,
1136,,1185,,,,,,,,,,,,,,,,,,,,
CTL.018,,1185,,,,,,,,,,,,,,,,,,,,
1187,happy hour spirits £6.,,1-1,group,0.0,,,,happy hour spirits £6.,BLUE,Accent,,,,,,,LOCAL,,,,
SPI.50ml.001,,1187,,,,,,,,,,,,,,,,,,,,
SPI.50ml.009,,1187,,,,,,,,,,,,,,,,,,,,
SPI.50ml.008,,1187,,,,,,,,,,,,,,,,,,,,
SPI.50ml.010,,1187,,,,,,,,,,,,,,,,,,,,
SPI.50ml.011,,1187,,,,,,,,,,,,,,,,,,,,
SPI.50ml.016,,1187,,,,,,,,,,,,,,,,,,,,
SPI.50ml.020,,1187,,,,,,,,,,,,,,,,,,,,
SPI.50ml.025,,1187,,,,,,,,,,,,,,,,,,,,
SPI.50ml.037,,1187,,,,,,,,,,,,,,,,,,,,
SPI.50ml.039,,1187,,,,,,,,,,,,,,,,,,,,
SPI.50ml.043,,1187,,,,,,,,,,,,,,,,,,,,
SPI.50ml.046,,1187,,,,,,,,,,,,,,,,,,,,
SPI.50ml.033,,1187,,,,,,,,,,,,,,,,,,,,
1191,juice flavours,,0-1,group,0.0,,,,juice flavours,BLUE,Accent,,,,,,,LOCAL,,,,
JUI.GLS.005,,1191,,,,,,,,,,,,,,,,,,,,
JUI.GLS.001,,1191,,,,,,,,,,,,,,,,,,,,
JUI.GLS.004,,1191,,,,,,,,,,,,,,,,,,,,
JUI.GLS.003,,1191,,,,,,,,,,,,,,,,,,,,
JUI.GLS.002,,1191,,,,,,,,,,,,,,,,,,,,
1193,JUICES,,1-1,group,,,,,JUICES,BLUE,Accent,,,,,,,LOCAL,,,,
1189,,1193,,,,,,,,,,,,,,,,,,,,
1190,,1193,,,,,,,,,,,,,,,,,,,,
1209,SAUCES,,1-1,group,,,,,SAUCES,BLUE,Accent,,,,,,,LOCAL,,,,
1206,,1209,,,,,,,,,,,,,,,,,,,,
1207,,1209,,,,,,,,,,,,,,,,,,,,
1204,,1209,,,,,,,,,,,,,,,,,,,,
1205,,1209,,,,,,,,,,,,,,,,,,,,
1210,SAUCESSS,,1-1,group,1.0,,,,SAUCESSS,BLUE,Accent,,,,,,,LOCAL,,,,
1206,,1210,,,,,,,,,,,,,,,,,,,,
1207,,1210,,,,,,,,,,,,,,,,,,,,
1204,,1210,,,,,,,,,,,,,,,,,,,,
1205,,1210,,,,,,,,,,,,,,,,,,,,
1213,SHOTS,,1-1,group,3.0,,,,SHOTS,BLUE,Accent,,,,,,,LOCAL,,,,
SPI.25ml.016,,1213,,,,,,,,,,,,,,,,,,,,
SPI.25ml.017,,1213,,,,,,,,,,,,,,,,,,,,
SPI.25ml.018,,1213,,,,,,,,,,,,,,,,,,,,
SPI.25ml.019,,1213,,,,,,,,,,,,,,,,,,,,
SPI.25ml.020,,1213,,,,,,,,,,,,,,,,,,,,
SPI.25ml.033,,1213,,,,,,,,,,,,,,,,,,,,
SPI.25ml.037,,1213,,,,,,,,,,,,,,,,,,,,
SPI.25ml.039,,1213,,,,,,,,,,,,,,,,,,,,
SPI.25ml.001,,1213,,,,,,,,,,,,,,,,,,,,
SPI.25ml.008,,1213,,,,,,,,,,,,,,,,,,,,
SPI.25ml.025,,1213,,,,,,,,,,,,,,,,,,,,
SPI.25ml.004,,1213,,,,,,,,,,,,,,,,,,,,
SPI.25ml.073,,1213,,,,,,,,,,,,,,,,,,,,
SPI.25ml.070,,1213,,,,,,,,,,,,,,,,,,,,
SPI.25ml.071,,1213,,,,,,,,,,,,,,,,,,,,
1224,loaded chips.,,1-1,group,,,,,loaded chips.,BLUE,Accent,,,,,,,LOCAL,,,,
1221,,1224,,,,,,,,,,,,,,,,,,,,
1222,,1224,,,,,,,,,,,,,,,,,,,,
1223,,1224,,,,,,,,,,,,,,,,,,,,
1227,crisps flavours,,1-*,group,,,,,crisps flavours,BLUE,Accent,,,,,,,LOCAL,,,,
SNA.003,,1227,,,,,,,,,,,,,,,,,,,,
SNA.004,,1227,,,,,,,,,,,,,,,,,,,,
SNA.005,,1227,,,,,,,,,,,,,,,,,,,,
SNA.007,,1227,,,,,,,,,,,,,,,,,,,,
SNA.006,,1227,,,,,,,,,,,,,,,,,,,,
CTL.CBO.01,Tall Seltz,,,combo,8.0,,Drinks,Menu/Cocktails & Warmers,Tall Seltz,BLUE,Accent,,,,,,,LOCAL,,,Drinks/Cocktails,
CTL.GRP.01,,CTL.CBO.01,,,,,,,,,,,,,,,,,,,,
W.CBO.001,Blanco Blanco White,,,combo,0.0,,Drinks,Menu/Wines - Prosecco,Blanco Blanco White,WHITE,Background,,,,,,,LOCAL,,,Drinks/Wines,
W.GRP.001,,W.CBO.001,,,,,,,,,,,,,,,,,,,,
W.CBO.002,Doom Juice Rose,,,combo,0.0,,Drinks,Menu/Wines - Prosecco,Doom Juice Rose,PINK,Background,,,,,,,LOCAL,,,Drinks/Wines,
W.GRP.002,,W.CBO.002,,,,,,,,,,,,,,,,,,,,
W.CBO.003,Top Cuvee Rose,,,combo,0.0,,Drinks,,Top Cuvee Rose,PINK,Accent,,,,,,,LOCAL,,,Drinks/Wines,
W.GRP.003,,W.CBO.003,,,,,,,,,,,,,,,,,,,,
W.CBO.004,House Top Cuvee Orange,,,combo,0.0,,Drinks,Menu/Wines - Prosecco,House Top Cuvee Orange,ORANGE,Background,,,,,,,LOCAL,,,Drinks/Wines,
W.GRP.004,,W.CBO.004,,,,,,,,,,,,,,,,,,,,
SPI.CBO.011,Beefeater Pink,,,combo,0.0,,Drinks,Menu/Spirits/Gin,Beefeater Pink,BLUE,Accent,,,,,,,LOCAL,,,Spirits/Gin,
SPI.GRP.011,,SPI.CBO.011,,,,,,,,,,,,,,,,,,,,
SPI.GRP.MIX.01,,SPI.CBO.011,,,,,,,,,,,,,,,,,,,,
SPI.GRP.MIX.02,,SPI.CBO.011,,,,,,,,,,,,,,,,,,,,
SPI.GRP.XTR,,SPI.CBO.011,,,,,,,,,,,,,,,,,,,,
SPI.CBO.012,Bitter Truth,,,combo,0.0,,Drinks,Menu/Spirits/Liqueur,Bitter Truth,BLUE,Accent,,,,,,,LOCAL,,,Spirits/Liqueur,
SPI.GRP.012,,SPI.CBO.012,,,,,,,,,,,,,,,,,,,,
SPI.GRP.MIX.01,,SPI.CBO.012,,,,,,,,,,,,,,,,,,,,
SPI.GRP.MIX.02,,SPI.CBO.012,,,,,,,,,,,,,,,,,,,,
SPI.GRP.XTR,,SPI.CBO.012,,,,,,,,,,,,,,,,,,,,
SPI.CBO.013,Bulleit Bourbon,,,combo,0.0,,Drinks,Menu/Spirits/Whisk(e)y,Bulleit Bourbon,BLUE,Accent,,,,,,,LOCAL,,,Spirits/Whisk(e)y,
SPI.GRP.013,,SPI.CBO.013,,,,,,,,,,,,,,,,,,,,
SPI.GRP.MIX.01,,SPI.CBO.013,,,,,,,,,,,,,,,,,,,,
SPI.GRP.MIX.02,,SPI.CBO.013,,,,,,,,,,,,,,,,,,,,
SPI.GRP.XTR,,SPI.CBO.013,,,,,,,,,,,,,,,,,,,,
SPI.CBO.014,Cachaca Pindorama,,,combo,0.0,,Drinks,Menu/Spirits/Rum,Cachaca Pindorama,BLUE,Accent,,,,,,,LOCAL,,,Spirits/Rum,
SPI.GRP.014,,SPI.CBO.014,,,,,,,,,,,,,,,,,,,,
SPI.GRP.MIX.01,,SPI.CBO.014,,,,,,,,,,,,,,,,,,,,
SPI.GRP.MIX.02,,SPI.CBO.014,,,,,,,,,,,,,,,,,,,,
SPI.GRP.XTR,,SPI.CBO.014,,,,,,,,,,,,,,,,,,,,
SPI.CBO.015,Campari Bitter,,,combo,0.0,,Drinks,Menu/Spirits/Aperitif,Campari Bitter,BLUE,Accent,,,,,,,LOCAL,,,Spirits/Aperitif,
SPI.GRP.015,,SPI.CBO.015,,,,,,,,,,,,,,,,,,,,
SPI.GRP.MIX.01,,SPI.CBO.015,,,,,,,,,,,,,,,,,,,,
SPI.GRP.MIX.02,,SPI.CBO.015,,,,,,,,,,,,,,,,,,,,
SPI.GRP.XTR,,SPI.CBO.015,,,,,,,,,,,,,,,,,,,,
SPI.CBO.016,Cazcabel Blanco,,,combo,0.0,,Drinks,Menu/Spirits/Absinthe - Tequila - Mezcal,Cazcabel Blanco,GREEN,Accent,,,,,,,LOCAL,,,Spirits/Absinthe - Tequila - Mezcal,
SPI.GRP.016,,SPI.CBO.016,,,,,,,,,,,,,,,,,,,,
SPI.GRP.MIX.01,,SPI.CBO.016,,,,,,,,,,,,,,,,,,,,
SPI.GRP.MIX.02,,SPI.CBO.016,,,,,,,,,,,,,,,,,,,,
SPI.GRP.XTR,,SPI.CBO.016,,,,,,,,,,,,,,,,,,,,
SPI.CBO.017,Cazcabel Coconut,,,combo,0.0,,Drinks,Menu/Spirits/Absinthe - Tequila - Mezcal,Cazcabel Coconut,GREEN,Accent,,,,,,,LOCAL,,,Spirits/Absinthe - Tequila - Mezcal,
SPI.GRP.017,,SPI.CBO.017,,,,,,,,,,,,,,,,,,,,
SPI.GRP.MIX.01,,SPI.CBO.017,,,,,,,,,,,,,,,,,,,,
SPI.GRP.MIX.02,,SPI.CBO.017,,,,,,,,,,,,,,,,,,,,
SPI.GRP.XTR,,SPI.CBO.017,,,,,,,,,,,,,,,,,,,,
SPI.CBO.018,Cazcabel Coffee,,,combo,0.0,,Drinks,Menu/Spirits/Absinthe - Tequila - Mezcal,Cazcabel Coffee,GREEN,Accent,,,,,,,LOCAL,,,Spirits/Absinthe - Tequila - Mezcal,
SPI.GRP.018,,SPI.CBO.018,,,,,,,,,,,,,,,,,,,,
SPI.GRP.MIX.01,,SPI.CBO.018,,,,,,,,,,,,,,,,,,,,
SPI.GRP.MIX.02,,SPI.CBO.018,,,,,,,,,,,,,,,,,,,,
SPI.GRP.XTR,,SPI.CBO.018,,,,,,,,,,,,,,,,,,,,
SPI.CBO.019,Cazcabel Honey,,,combo,0.0,,Drinks,Menu/Spirits/Absinthe - Tequila - Mezcal,Cazcabel Honey,GREEN,Accent,,,,,,,LOCAL,,,Spirits/Absinthe - Tequila - Mezcal,
SPI.GRP.019,,SPI.CBO.019,,,,,,,,,,,,,,,,,,,,
SPI.GRP.MIX.01,,SPI.CBO.019,,,,,,,,,,,,,,,,,,,,
SPI.GRP.MIX.02,,SPI.CBO.019,,,,,,,,,,,,,,,,,,,,
SPI.GRP.XTR,,SPI.CBO.019,,,,,,,,,,,,,,,,,,,,
SPI.CBO.020,Cazcabel Reposado,,,combo,0.0,,Drinks,Menu/Spirits/Absinthe - Tequila - Mezcal,Cazcabel Reposado,GREEN,Accent,,,,,,,LOCAL,,,Spirits/Absinthe - Tequila - Mezcal,
SPI.GRP.020,,SPI.CBO.020,,,,,,,,,,,,,,,,,,,,
SPI.GRP.MIX.01,,SPI.CBO.020,,,,,,,,,,,,,,,,,,,,
SPI.GRP.MIX.02,,SPI.CBO.020,,,,,,,,,,,,,,,,,,,,
SPI.GRP.XTR,,SPI.CBO.020,,,,,,,,,,,,,,,,,,,,
SPI.CBO.021,Chivas Regal,,,combo,0.0,,Drinks,Menu/Spirits/Whisk(e)y,Chivas Regal,BLUE,Accent,,,,,,,LOCAL,,,Spirits/Whisk(e)y,
SPI.GRP.021,,SPI.CBO.021,,,,,,,,,,,,,,,,,,,,
SPI.GRP.MIX.01,,SPI.CBO.021,,,,,,,,,,,,,,,,,,,,
SPI.GRP.MIX.02,,SPI.CBO.021,,,,,,,,,,,,,,,,,,,,
SPI.GRP.XTR,,SPI.CBO.021,,,,,,,,,,,,,,,,,,,,
SPI.CBO.022,Cocchi Vermouth,,,combo,0.0,,Drinks,Menu/Spirits/Vermouth,Cocchi Vermouth,BLUE,Accent,,,,,,,LOCAL,,,Spirits/Vermouth,
SPI.GRP.022,,SPI.CBO.022,,,,,,,,,,,,,,,,,,,,
SPI.GRP.MIX.01,,SPI.CBO.022,,,,,,,,,,,,,,,,,,,,
SPI.GRP.MIX.02,,SPI.CBO.022,,,,,,,,,,,,,,,,,,,,
SPI.GRP.XTR,,SPI.CBO.022,,,,,,,,,,,,,,,,,,,,
SPI.CBO.023,Cointreau Orange Liqueur,,,combo,0.0,,Drinks,Menu/Spirits/Liqueur,Cointreau Orange Liqueur,BLUE,Accent,,,,,,,LOCAL,,,Spirits/Liqueur,
SPI.GRP.023,,SPI.CBO.023,,,,,,,,,,,,,,,,,,,,
SPI.GRP.MIX.01,,SPI.CBO.023,,,,,,,,,,,,,,,,,,,,
SPI.GRP.MIX.02,,SPI.CBO.023,,,,,,,,,,,,,,,,,,,,
SPI.GRP.XTR,,SPI.CBO.023,,,,,,,,,,,,,,,,,,,,
SPI.CBO.024,Courvoisier VSOP Cognac,,,combo,0.0,,Drinks,Menu/Spirits/Brandy - Cognac,Courvoisier VSOP Cognac,BLUE,Accent,,,,,,,LOCAL,,,Spirits/Brandy - Cognac,
SPI.GRP.024,,SPI.CBO.024,,,,,,,,,,,,,,,,,,,,
SPI.GRP.MIX.01,,SPI.CBO.024,,,,,,,,,,,,,,,,,,,,
SPI.GRP.MIX.02,,SPI.CBO.024,,,,,,,,,,,,,,,,,,,,
SPI.GRP.XTR,,SPI.CBO.024,,,,,,,,,,,,,,,,,,,,
SPI.CBO.025,Cut Spiced Rum,,,combo,0.0,,Drinks,Menu/Spirits/Rum,Cut Spiced Rum,BLUE,Accent,,,,,,,LOCAL,,,Spirits/Rum,
SPI.GRP.025,,SPI.CBO.025,,,,,,,,,,,,,,,,,,,,
SPI.GRP.MIX.01,,SPI.CBO.025,,,,,,,,,,,,,,,,,,,,
SPI.GRP.MIX.02,,SPI.CBO.025,,,,,,,,,,,,,,,,,,,,
SPI.GRP.XTR,,SPI.CBO.025,,,,,,,,,,,,,,,,,,,,
SPI.CBO.026,Cynar vermouth,,,combo,0.0,,Drinks,Menu/Spirits/Vermouth,Cynar vermouth,BLUE,Accent,,,,,,,LOCAL,,,Spirits/Vermouth,
SPI.GRP.026,,SPI.CBO.026,,,,,,,,,,,,,,,,,,,,
SPI.GRP.MIX.01,,SPI.CBO.026,,,,,,,,,,,,,,,,,,,,
SPI.GRP.MIX.02,,SPI.CBO.026,,,,,,,,,,,,,,,,,,,,
SPI.GRP.XTR,,SPI.CBO.026,,,,,,,,,,,,,,,,,,,,
SPI.CBO.027,Devils Botany Absinthe 24% Chocolate Liqueur,,,combo,0.0,,Drinks,Menu/Spirits/Absinthe - Tequila - Mezcal,Devils Botany Absinthe 24% Chocolate Liqueur,BLUE,Accent,,,,,,,LOCAL,,,Spirits/Absinthe - Tequila - Mezcal,
SPI.GRP.027,,SPI.CBO.027,,,,,,,,,,,,,,,,,,,,
SPI.GRP.MIX.01,,SPI.CBO.027,,,,,,,,,,,,,,,,,,,,
SPI.GRP.MIX.02,,SPI.CBO.027,,,,,,,,,,,,,,,,,,,,
SPI.GRP.XTR,,SPI.CBO.027,,,,,,,,,,,,,,,,,,,,
SPI.CBO.028,Devils Botany Absinthe 45%,,,combo,0.0,,Drinks,Menu/Spirits/Absinthe - Tequila - Mezcal,Devils Botany Absinthe 45%,BLUE,Accent,,,,,,,LOCAL,,,Spirits/Absinthe - Tequila - Mezcal,
SPI.GRP.028,,SPI.CBO.028,,,,,,,,,,,,,,,,,,,,
SPI.GRP.MIX.01,,SPI.CBO.028,,,,,,,,,,,,,,,,,,,,
SPI.GRP.MIX.02,,SPI.CBO.028,,,,,,,,,,,,,,,,,,,,
SPI.GRP.XTR,,SPI.CBO.028,,,,,,,,,,,,,,,,,,,,
SPI.CBO.029,Devils Botany Absinthe 63%,,,combo,0.0,,Drinks,Menu/Spirits/Absinthe - Tequila - Mezcal,Devils Botany Absinthe 63%,BLUE,Accent,,,,,,,LOCAL,,,Spirits/Absinthe - Tequila - Mezcal,
SPI.GRP.029,,SPI.CBO.029,,,,,,,,,,,,,,,,,,,,
SPI.GRP.MIX.01,,SPI.CBO.029,,,,,,,,,,,,,,,,,,,,
SPI.GRP.MIX.02,,SPI.CBO.029,,,,,,,,,,,,,,,,,,,,
SPI.GRP.XTR,,SPI.CBO.029,,,,,,,,,,,,,,,,,,,,
SPI.CBO.030,Diplomatico Reserva Exclusiva Dark Rum,,,combo,0.0,,Drinks,Menu/Spirits/Rum,Diplomatico Reserva Exclusiva Dark Rum,BLUE,Accent,,,,,,,LOCAL,,,Spirits/Rum,
SPI.GRP.030,,SPI.CBO.030,,,,,,,,,,,,,,,,,,,,
SPI.GRP.MIX.01,,SPI.CBO.030,,,,,,,,,,,,,,,,,,,,
SPI.GRP.MIX.02,,SPI.CBO.030,,,,,,,,,,,,,,,,,,,,
SPI.GRP.XTR,,SPI.CBO.030,,,,,,,,,,,,,,,,,,,,
SPI.CBO.031,Disaronno Amaretto,,,combo,0.0,,Drinks,Menu/Spirits/Liqueur,Disaronno Amaretto,BLUE,Accent,,,,,,,LOCAL,,,Spirits/Liqueur,
SPI.GRP.031,,SPI.CBO.031,,,,,,,,,,,,,,,,,,,,
SPI.GRP.MIX.01,,SPI.CBO.031,,,,,,,,,,,,,,,,,,,,
SPI.GRP.MIX.02,,SPI.CBO.031,,,,,,,,,,,,,,,,,,,,
SPI.GRP.XTR,,SPI.CBO.031,,,,,,,,,,,,,,,,,,,,
SPI.CBO.032,Fernet Branca,,,combo,0.0,,Drinks,Menu/Spirits/Aperitif,Fernet Branca,BLUE,Accent,,,,,,,LOCAL,,,Spirits/Aperitif,
SPI.GRP.032,,SPI.CBO.032,,,,,,,,,,,,,,,,,,,,
SPI.GRP.MIX.01,,SPI.CBO.032,,,,,,,,,,,,,,,,,,,,
SPI.GRP.MIX.02,,SPI.CBO.032,,,,,,,,,,,,,,,,,,,,
SPI.GRP.XTR,,SPI.CBO.032,,,,,,,,,,,,,,,,,,,,
SPI.CBO.033,Four Roses Bourbon,,,combo,0.0,,Drinks,Menu/Spirits/Whisk(e)y,Four Roses Bourbon,BLUE,Accent,,,,,,,LOCAL,,,Spirits/Whisk(e)y,
SPI.GRP.033,,SPI.CBO.033,,,,,,,,,,,,,,,,,,,,
SPI.GRP.MIX.01,,SPI.CBO.033,,,,,,,,,,,,,,,,,,,,
SPI.GRP.MIX.02,,SPI.CBO.033,,,,,,,,,,,,,,,,,,,,
SPI.GRP.XTR,,SPI.CBO.033,,,,,,,,,,,,,,,,,,,,
SPI.CBO.034,Golden Falernum,,,combo,0.0,,Drinks,Menu/Spirits/Liqueur,Goolden Falernum,BLUE,Accent,,,,,,,LOCAL,,,Spirits/Liqueur,
SPI.GRP.034,,SPI.CBO.034,,,,,,,,,,,,,,,,,,,,
SPI.GRP.MIX.01,,SPI.CBO.034,,,,,,,,,,,,,,,,,,,,
SPI.GRP.MIX.02,,SPI.CBO.034,,,,,,,,,,,,,,,,,,,,
SPI.GRP.XTR,,SPI.CBO.034,,,,,,,,,,,,,,,,,,,,
SPI.CBO.035,Grey Goose Vodka,,,combo,0.0,,Drinks,Menu/Spirits/Vodka,Grey Goose Vodka,BLUE,Accent,,,,,,,LOCAL,,,Spirits/Vodka,
SPI.GRP.035,,SPI.CBO.035,,,,,,,,,,,,,,,,,,,,
SPI.GRP.MIX.01,,SPI.CBO.035,,,,,,,,,,,,,,,,,,,,
SPI.GRP.MIX.02,,SPI.CBO.035,,,,,,,,,,,,,,,,,,,,
SPI.GRP.XTR,,SPI.CBO.035,,,,,,,,,,,,,,,,,,,,
SPI.CBO.036,Hanbury Gin,,,combo,0.0,,Drinks,Menu/Spirits/Gin,Hanbury Gin,PINK,Accent,,,,,,,LOCAL,,,Spirits/Gin,
SPI.GRP.036,,SPI.CBO.036,,,,,,,,,,,,,,,,,,,,
SPI.GRP.MIX.01,,SPI.CBO.036,,,,,,,,,,,,,,,,,,,,
SPI.GRP.MIX.02,,SPI.CBO.036,,,,,,,,,,,,,,,,,,,,
SPI.GRP.XTR,,SPI.CBO.036,,,,,,,,,,,,,,,,,,,,
SPI.CBO.037,Havana Club 3 Year Old White Rum,,,combo,0.0,,Drinks,Menu/Spirits/Rum,Havana Club 3 Year Old White Rum,BLUE,Accent,,,,,,,LOCAL,,,Spirits/Rum,
SPI.GRP.037,,SPI.CBO.037,,,,,,,,,,,,,,,,,,,,
SPI.GRP.MIX.01,,SPI.CBO.037,,,,,,,,,,,,,,,,,,,,
SPI.GRP.MIX.02,,SPI.CBO.037,,,,,,,,,,,,,,,,,,,,
SPI.GRP.XTR,,SPI.CBO.037,,,,,,,,,,,,,,,,,,,,
SPI.CBO.038,Havana Club 7 Year Old Dark Rum,,,combo,0.0,,Drinks,Menu/Spirits/Rum,Havana Club 7 Year Old Dark Rum,BLUE,Accent,,,,,,,LOCAL,,,Spirits/Rum,
SPI.GRP.038,,SPI.CBO.038,,,,,,,,,,,,,,,,,,,,
SPI.GRP.MIX.01,,SPI.CBO.038,,,,,,,,,,,,,,,,,,,,
SPI.GRP.MIX.02,,SPI.CBO.038,,,,,,,,,,,,,,,,,,,,
SPI.GRP.XTR,,SPI.CBO.038,,,,,,,,,,,,,,,,,,,,
SPI.CBO.039,Havana Club Anejo Especial Rum,,,combo,0.0,,Drinks,Menu/Spirits/Rum,Havana Club Anejo Especial Rum,BLUE,Accent,,,,,,,LOCAL,,,Spirits/Rum,
SPI.GRP.039,,SPI.CBO.039,,,,,,,,,,,,,,,,,,,,
SPI.GRP.MIX.01,,SPI.CBO.039,,,,,,,,,,,,,,,,,,,,
SPI.GRP.MIX.02,,SPI.CBO.039,,,,,,,,,,,,,,,,,,,,
SPI.GRP.XTR,,SPI.CBO.039,,,,,,,,,,,,,,,,,,,,
SPI.CBO.040,Havana Especial,,,combo,0.0,,Drinks,Menu/Spirits/Rum,Havana Especial,BLUE,Accent,,,,,,,LOCAL,,,Spirits/Rum,
SPI.GRP.040,,SPI.CBO.040,,,,,,,,,,,,,,,,,,,,
SPI.GRP.MIX.01,,SPI.CBO.040,,,,,,,,,,,,,,,,,,,,
SPI.GRP.MIX.02,,SPI.CBO.040,,,,,,,,,,,,,,,,,,,,
SPI.GRP.XTR,,SPI.CBO.040,,,,,,,,,,,,,,,,,,,,
SPI.CBO.041,Hennessy,,,combo,0.0,,Drinks,Menu/Spirits/Brandy - Cognac,Hennessy,BLUE,Accent,,,,,,,LOCAL,,,Spirits/Brandy - Cognac,
SPI.GRP.041,,SPI.CBO.041,,,,,,,,,,,,,,,,,,,,
SPI.GRP.MIX.01,,SPI.CBO.041,,,,,,,,,,,,,,,,,,,,
SPI.GRP.MIX.02,,SPI.CBO.041,,,,,,,,,,,,,,,,,,,,
SPI.GRP.XTR,,SPI.CBO.041,,,,,,,,,,,,,,,,,,,,
SPI.CBO.042,Italicus,,,combo,0.0,,Drinks,Menu/Spirits/Liqueur,Italicus,BLUE,Accent,,,,,,,LOCAL,,,Spirits/Liqueur,
SPI.GRP.042,,SPI.CBO.042,,,,,,,,,,,,,,,,,,,,
SPI.GRP.MIX.01,,SPI.CBO.042,,,,,,,,,,,,,,,,,,,,
SPI.GRP.MIX.02,,SPI.CBO.042,,,,,,,,,,,,,,,,,,,,
SPI.GRP.XTR,,SPI.CBO.042,,,,,,,,,,,,,,,,,,,,
SPI.CBO.043,Jack Daniels,,,combo,0.0,,Drinks,Menu/Spirits/Whisk(e)y,Jack Daniels,BLUE,Accent,,,,,,,LOCAL,,,Spirits/Whisk(e)y,
SPI.GRP.043,,SPI.CBO.043,,,,,,,,,,,,,,,,,,,,
SPI.GRP.MIX.01,,SPI.CBO.043,,,,,,,,,,,,,,,,,,,,
SPI.GRP.MIX.02,,SPI.CBO.043,,,,,,,,,,,,,,,,,,,,
SPI.GRP.XTR,,SPI.CBO.043,,,,,,,,,,,,,,,,,,,,
SPI.CBO.044,Jägermeister,,,combo,0.0,,Drinks,Menu/Spirits/Aperitif,Jägermeister,BLUE,Accent,,,,,,,LOCAL,,,Spirits/Aperitif,
SPI.GRP.044,,SPI.CBO.044,,,,,,,,,,,,,,,,,,,,
SPI.GRP.MIX.01,,SPI.CBO.044,,,,,,,,,,,,,,,,,,,,
SPI.GRP.MIX.02,,SPI.CBO.044,,,,,,,,,,,,,,,,,,,,
SPI.GRP.XTR,,SPI.CBO.044,,,,,,,,,,,,,,,,,,,,
SPI.CBO.045,Jameson Black Barrel,,,combo,0.0,,Drinks,Menu/Spirits/Whisk(e)y,Jameson Black Barrel,BLUE,Accent,,,,,,,LOCAL,,,Spirits/Whisk(e)y,
SPI.GRP.045,,SPI.CBO.045,,,,,,,,,,,,,,,,,,,,
SPI.GRP.MIX.01,,SPI.CBO.045,,,,,,,,,,,,,,,,,,,,
SPI.GRP.MIX.02,,SPI.CBO.045,,,,,,,,,,,,,,,,,,,,
SPI.GRP.XTR,,SPI.CBO.045,,,,,,,,,,,,,,,,,,,,
SPI.CBO.046,Jameson Irish Whiskey,,,combo,0.0,,Drinks,Menu/Spirits/Whisk(e)y,Jameson Irish Whiskey,BLUE,Accent,,,,,,,LOCAL,,,Spirits/Whisk(e)y,
SPI.GRP.046,,SPI.CBO.046,,,,,,,,,,,,,,,,,,,,
SPI.GRP.MIX.01,,SPI.CBO.046,,,,,,,,,,,,,,,,,,,,
SPI.GRP.MIX.02,,SPI.CBO.046,,,,,,,,,,,,,,,,,,,,
SPI.GRP.XTR,,SPI.CBO.046,,,,,,,,,,,,,,,,,,,,
SPI.CBO.047,Jameson Orange Whiskey,,,combo,0.0,,Drinks,Menu/Spirits/Whisk(e)y,Jameson Orange Whiskey,BLUE,Accent,,,,,,,LOCAL,,,Spirits/Whisk(e)y,
SPI.GRP.047,,SPI.CBO.047,,,,,,,,,,,,,,,,,,,,
SPI.GRP.MIX.01,,SPI.CBO.047,,,,,,,,,,,,,,,,,,,,
SPI.GRP.MIX.02,,SPI.CBO.047,,,,,,,,,,,,,,,,,,,,
SPI.GRP.XTR,,SPI.CBO.047,,,,,,,,,,,,,,,,,,,,
SPI.CBO.048,Kahlua Liqueur,,,combo,0.0,,Drinks,Menu/Spirits/Liqueur,Kahlua Liqueur,BLUE,Accent,,,,,,,LOCAL,,,Spirits/Liqueur,
SPI.GRP.048,,SPI.CBO.048,,,,,,,,,,,,,,,,,,,,
SPI.GRP.MIX.01,,SPI.CBO.048,,,,,,,,,,,,,,,,,,,,
SPI.GRP.MIX.02,,SPI.CBO.048,,,,,,,,,,,,,,,,,,,,
SPI.GRP.XTR,,SPI.CBO.048,,,,,,,,,,,,,,,,,,,,
SPI.CBO.049,Kraken Black Spiced Rum,,,combo,0.0,,Drinks,Menu/Spirits/Rum,Kraken Black Spiced Rum,BLUE,Accent,,,,,,,LOCAL,,,Spirits/Rum,
SPI.GRP.049,,SPI.CBO.049,,,,,,,,,,,,,,,,,,,,
SPI.GRP.MIX.01,,SPI.CBO.049,,,,,,,,,,,,,,,,,,,,
SPI.GRP.MIX.02,,SPI.CBO.049,,,,,,,,,,,,,,,,,,,,
SPI.GRP.XTR,,SPI.CBO.049,,,,,,,,,,,,,,,,,,,,
SPI.CBO.050,Laphroaig 10 Year Old Whisky,,,combo,0.0,,Drinks,Menu/Spirits/Whisk(e)y,Laphroaig 10 Year Old Whisky,BLUE,Accent,,,,,,,LOCAL,,,Spirits/Whisk(e)y,
SPI.GRP.050,,SPI.CBO.050,,,,,,,,,,,,,,,,,,,,
SPI.GRP.MIX.01,,SPI.CBO.050,,,,,,,,,,,,,,,,,,,,
SPI.GRP.MIX.02,,SPI.CBO.050,,,,,,,,,,,,,,,,,,,,
SPI.GRP.XTR,,SPI.CBO.050,,,,,,,,,,,,,,,,,,,,
SPI.CBO.051,Lilet Rose,,,combo,0.0,,Drinks,Menu/Spirits/Aperitif,Lilet Rose,BLUE,Accent,,,,,,,LOCAL,,,Spirits/Aperitif,
SPI.GRP.051,,SPI.CBO.051,,,,,,,,,,,,,,,,,,,,
SPI.GRP.MIX.01,,SPI.CBO.051,,,,,,,,,,,,,,,,,,,,
SPI.GRP.MIX.02,,SPI.CBO.051,,,,,,,,,,,,,,,,,,,,
SPI.GRP.XTR,,SPI.CBO.051,,,,,,,,,,,,,,,,,,,,
SPI.CBO.052,Lucky Sod Irish Whiskey Liqueur,,,combo,0.0,,Drinks,Menu/Spirits/Liqueur,Lucky Sod Irish Whiskey Liqueur,BLUE,Accent,,,,,,,LOCAL,,,Spirits/Liqueur,
SPI.GRP.052,,SPI.CBO.052,,,,,,,,,,,,,,,,,,,,
SPI.GRP.MIX.01,,SPI.CBO.052,,,,,,,,,,,,,,,,,,,,
SPI.GRP.MIX.02,,SPI.CBO.052,,,,,,,,,,,,,,,,,,,,
SPI.GRP.XTR,,SPI.CBO.052,,,,,,,,,,,,,,,,,,,,
SPI.CBO.053,Madre Mezcal,,,combo,0.0,,Drinks,Menu/Spirits/Absinthe - Tequila - Mezcal,Madre Mezcal,LIGHT_RED,Accent,,,,,,,LOCAL,,,Spirits/Absinthe - Tequila - Mezcal,
SPI.GRP.053,,SPI.CBO.053,,,,,,,,,,,,,,,,,,,,
SPI.GRP.MIX.01,,SPI.CBO.053,,,,,,,,,,,,,,,,,,,,
SPI.GRP.MIX.02,,SPI.CBO.053,,,,,,,,,,,,,,,,,,,,
SPI.GRP.XTR,,SPI.CBO.053,,,,,,,,,,,,,,,,,,,,
SPI.CBO.054,Malfy Gin Rosa,,,combo,0.0,,Drinks,Menu/Spirits/Gin,Malfy Gin Rosa,YELLOW,Accent,,,,,,,LOCAL,,,Spirits/Gin,
SPI.GRP.054,,SPI.CBO.054,,,,,,,,,,,,,,,,,,,,
SPI.GRP.MIX.01,,SPI.CBO.054,,,,,,,,,,,,,,,,,,,,
SPI.GRP.MIX.02,,SPI.CBO.054,,,,,,,,,,,,,,,,,,,,
SPI.GRP.XTR,,SPI.CBO.054,,,,,,,,,,,,,,,,,,,,
SPI.CBO.055,Malfy Limone,,,combo,0.0,,Drinks,Menu/Spirits/Gin,Malfy Limone,YELLOW,Accent,,,,,,,LOCAL,,,Spirits/Gin,
SPI.GRP.055,,SPI.CBO.055,,,,,,,,,,,,,,,,,,,,
SPI.GRP.MIX.01,,SPI.CBO.055,,,,,,,,,,,,,,,,,,,,
SPI.GRP.MIX.02,,SPI.CBO.055,,,,,,,,,,,,,,,,,,,,
SPI.GRP.XTR,,SPI.CBO.055,,,,,,,,,,,,,,,,,,,,
SPI.CBO.056,Malibu Passionfruit,,,combo,0.0,,Drinks,Menu/Spirits/Rum,Malibu Passionfruit,BLUE,Accent,,,,,,,LOCAL,,,Spirits/Rum,
SPI.GRP.056,,SPI.CBO.056,,,,,,,,,,,,,,,,,,,,
SPI.GRP.MIX.01,,SPI.CBO.056,,,,,,,,,,,,,,,,,,,,
SPI.GRP.MIX.02,,SPI.CBO.056,,,,,,,,,,,,,,,,,,,,
SPI.GRP.XTR,,SPI.CBO.056,,,,,,,,,,,,,,,,,,,,
SPI.CBO.057,Malibu White Coconut Rum,,,combo,0.0,,Drinks,Menu/Spirits/Rum,Malibu White Coconut Rum,BLUE,Accent,,,,,,,LOCAL,,,Spirits/Rum,
SPI.GRP.057,,SPI.CBO.057,,,,,,,,,,,,,,,,,,,,
SPI.GRP.MIX.01,,SPI.CBO.057,,,,,,,,,,,,,,,,,,,,
SPI.GRP.MIX.02,,SPI.CBO.057,,,,,,,,,,,,,,,,,,,,
SPI.GRP.XTR,,SPI.CBO.057,,,,,,,,,,,,,,,,,,,,
SPI.CBO.058,Martini Rosso Vermouth,,,combo,0.0,,Drinks,Menu/Spirits/Vermouth,Martini Rosso Vermouth,BLUE,Accent,,,,,,,LOCAL,,,Spirits/Vermouth,
SPI.GRP.058,,SPI.CBO.058,,,,,,,,,,,,,,,,,,,,
SPI.GRP.MIX.01,,SPI.CBO.058,,,,,,,,,,,,,,,,,,,,
SPI.GRP.MIX.02,,SPI.CBO.058,,,,,,,,,,,,,,,,,,,,
SPI.GRP.XTR,,SPI.CBO.058,,,,,,,,,,,,,,,,,,,,
SPI.CBO.059,Monkey 47,,,combo,0.0,,Drinks,Menu/Spirits/Gin,Monkey 47,GREEN,Accent,,,,,,,LOCAL,,,Spirits/Gin,
SPI.GRP.059,,SPI.CBO.059,,,,,,,,,,,,,,,,,,,,
SPI.GRP.MIX.01,,SPI.CBO.059,,,,,,,,,,,,,,,,,,,,
SPI.GRP.MIX.02,,SPI.CBO.059,,,,,,,,,,,,,,,,,,,,
SPI.GRP.XTR,,SPI.CBO.059,,,,,,,,,,,,,,,,,,,,
SPI.CBO.060,Monkey 47 Sloe Gin,,,combo,0.0,,Drinks,Menu/Spirits/Gin,Monkey 47 Sloe Gin,GREEN,Accent,,,,,,,LOCAL,,,Spirits/Gin,
SPI.GRP.060,,SPI.CBO.060,,,,,,,,,,,,,,,,,,,,
SPI.GRP.MIX.01,,SPI.CBO.060,,,,,,,,,,,,,,,,,,,,
SPI.GRP.MIX.02,,SPI.CBO.060,,,,,,,,,,,,,,,,,,,,
SPI.GRP.XTR,,SPI.CBO.060,,,,,,,,,,,,,,,,,,,,
SPI.CBO.061,Monkey Shoulder Whisky,,,combo,0.0,,Drinks,Menu/Spirits/Whisk(e)y,Monkey Shoulder Whisky,BLUE,Accent,,,,,,,LOCAL,,,Spirits/Whisk(e)y,
SPI.GRP.061,,SPI.CBO.061,,,,,,,,,,,,,,,,,,,,
SPI.GRP.MIX.01,,SPI.CBO.061,,,,,,,,,,,,,,,,,,,,
SPI.GRP.MIX.02,,SPI.CBO.061,,,,,,,,,,,,,,,,,,,,
SPI.GRP.XTR,,SPI.CBO.061,,,,,,,,,,,,,,,,,,,,
SPI.CBO.062,Nectarine Aperitif,,,combo,0.0,,Drinks,Menu/Spirits/Aperitif,Nectarine Aperitif,BLUE,Accent,,,,,,,LOCAL,,,Spirits/Aperitif,
SPI.GRP.062,,SPI.CBO.062,,,,,,,,,,,,,,,,,,,,
SPI.GRP.MIX.01,,SPI.CBO.062,,,,,,,,,,,,,,,,,,,,
SPI.GRP.MIX.02,,SPI.CBO.062,,,,,,,,,,,,,,,,,,,,
SPI.GRP.XTR,,SPI.CBO.062,,,,,,,,,,,,,,,,,,,,
SPI.CBO.063,Nikka From The Barrel Whisky,,,combo,0.0,,Drinks,Menu/Spirits/Whisk(e)y,Nikka From The Barrel Whisky,BLUE,Accent,,,,,,,LOCAL,,,Spirits/Whisk(e)y,
SPI.GRP.063,,SPI.CBO.063,,,,,,,,,,,,,,,,,,,,
SPI.GRP.MIX.01,,SPI.CBO.063,,,,,,,,,,,,,,,,,,,,
SPI.GRP.MIX.02,,SPI.CBO.063,,,,,,,,,,,,,,,,,,,,
SPI.GRP.XTR,,SPI.CBO.063,,,,,,,,,,,,,,,,,,,,
SPI.CBO.064,Olmeca Altos Plata,,,combo,0.0,,Drinks,Menu/Spirits/Absinthe - Tequila - Mezcal,Olmeca Altos Plata,BLUE,Accent,,,,,,,LOCAL,,,Spirits/Absinthe - Tequila - Mezcal,
SPI.GRP.064,,SPI.CBO.064,,,,,,,,,,,,,,,,,,,,
SPI.GRP.MIX.01,,SPI.CBO.064,,,,,,,,,,,,,,,,,,,,
SPI.GRP.MIX.02,,SPI.CBO.064,,,,,,,,,,,,,,,,,,,,
SPI.GRP.XTR,,SPI.CBO.064,,,,,,,,,,,,,,,,,,,,
SPI.CBO.065,Olmeca Altos Reposado,,,combo,0.0,,Drinks,Menu/Spirits/Absinthe - Tequila - Mezcal,Olmeca Altos Reposado,BLUE,Accent,,,,,,,LOCAL,,,Spirits/Absinthe - Tequila - Mezcal,
SPI.GRP.065,,SPI.CBO.065,,,,,,,,,,,,,,,,,,,,
SPI.GRP.MIX.01,,SPI.CBO.065,,,,,,,,,,,,,,,,,,,,
SPI.GRP.MIX.02,,SPI.CBO.065,,,,,,,,,,,,,,,,,,,,
SPI.GRP.XTR,,SPI.CBO.065,,,,,,,,,,,,,,,,,,,,
SPI.CBO.066,Passoa Passion Fruit Liqueur,,,combo,0.0,,Drinks,Menu/Spirits/Liqueur,Passoa Passion Fruit Liqueur,BLUE,Accent,,,,,,,LOCAL,,,Spirits/Liqueur,
SPI.GRP.066,,SPI.CBO.066,,,,,,,,,,,,,,,,,,,,
SPI.GRP.MIX.01,,SPI.CBO.066,,,,,,,,,,,,,,,,,,,,
SPI.GRP.MIX.02,,SPI.CBO.066,,,,,,,,,,,,,,,,,,,,
SPI.GRP.XTR,,SPI.CBO.066,,,,,,,,,,,,,,,,,,,,
SPI.CBO.067,Pensador Mezcal,,,combo,0.0,,Drinks,Menu/Spirits/Absinthe - Tequila - Mezcal,Pensador Mezcal,LIGHT_RED,Accent,,,,,,,LOCAL,,,Spirits/Absinthe - Tequila - Mezcal,
SPI.GRP.067,,SPI.CBO.067,,,,,,,,,,,,,,,,,,,,
SPI.GRP.MIX.01,,SPI.CBO.067,,,,,,,,,,,,,,,,,,,,
SPI.GRP.MIX.02,,SPI.CBO.067,,,,,,,,,,,,,,,,,,,,
SPI.GRP.XTR,,SPI.CBO.067,,,,,,,,,,,,,,,,,,,,
SPI.CBO.068,Ramazotti Sambucca,,,combo,0.0,,Drinks,Menu/Spirits/Aperitif,Ramazotti Sambucca,BLUE,Accent,,,,,,,LOCAL,,,Spirits/Aperitif,
SPI.GRP.068,,SPI.CBO.068,,,,,,,,,,,,,,,,,,,,
SPI.GRP.MIX.01,,SPI.CBO.068,,,,,,,,,,,,,,,,,,,,
SPI.GRP.MIX.02,,SPI.CBO.068,,,,,,,,,,,,,,,,,,,,
SPI.GRP.XTR,,SPI.CBO.068,,,,,,,,,,,,,,,,,,,,
SPI.CBO.069,Scorch Scotch Whiskey Liqueur,,,combo,0.0,,Drinks,Menu/Spirits/Liqueur,Scorch Scotch Whiskey Liqueur,BLUE,Accent,,,,,,,LOCAL,,,Spirits/Liqueur,
SPI.GRP.069,,SPI.CBO.069,,,,,,,,,,,,,,,,,,,,
SPI.GRP.MIX.01,,SPI.CBO.069,,,,,,,,,,,,,,,,,,,,
SPI.GRP.MIX.02,,SPI.CBO.069,,,,,,,,,,,,,,,,,,,,
SPI.GRP.XTR,,SPI.CBO.069,,,,,,,,,,,,,,,,,,,,
SPI.CBO.070,Sourz Apple,,,combo,0.0,,Drinks,Menu/Spirits/Liqueur,Sourz Apple,BLUE,Accent,,,,,,,LOCAL,,,Spirits/Liqueur,
SPI.GRP.070,,SPI.CBO.070,,,,,,,,,,,,,,,,,,,,
SPI.GRP.MIX.01,,SPI.CBO.070,,,,,,,,,,,,,,,,,,,,
SPI.GRP.MIX.02,,SPI.CBO.070,,,,,,,,,,,,,,,,,,,,
SPI.GRP.XTR,,SPI.CBO.070,,,,,,,,,,,,,,,,,,,,
SPI.CBO.071,Sourz Raspberry,,,combo,0.0,,Drinks,Menu/Spirits/Liqueur,Sourz Raspberry,BLUE,Accent,,,,,,,LOCAL,,,Spirits/Liqueur,
SPI.GRP.071,,SPI.CBO.071,,,,,,,,,,,,,,,,,,,,
SPI.GRP.MIX.01,,SPI.CBO.071,,,,,,,,,,,,,,,,,,,,
SPI.GRP.MIX.02,,SPI.CBO.071,,,,,,,,,,,,,,,,,,,,
SPI.GRP.XTR,,SPI.CBO.071,,,,,,,,,,,,,,,,,,,,
SPI.CBO.072,St-Germain Elderflower Liqueur,,,combo,0.0,,Drinks,Menu/Spirits/Liqueur,St-Germain Elderflower Liqueur,BLUE,Accent,,,,,,,LOCAL,,,Spirits/Liqueur,
SPI.GRP.072,,SPI.CBO.072,,,,,,,,,,,,,,,,,,,,
SPI.GRP.MIX.01,,SPI.CBO.072,,,,,,,,,,,,,,,,,,,,
SPI.GRP.MIX.02,,SPI.CBO.072,,,,,,,,,,,,,,,,,,,,
SPI.GRP.XTR,,SPI.CBO.072,,,,,,,,,,,,,,,,,,,,
SPI.CBO.073,Tequila Rose Strawberry Liqueur,,,combo,0.0,,Drinks,Menu/Spirits/Liqueur,Tequila Rose Strawberry Liqueur,BLUE,Accent,,,,,,,LOCAL,,,Spirits/Liqueur,
SPI.GRP.073,,SPI.CBO.073,,,,,,,,,,,,,,,,,,,,
SPI.GRP.MIX.01,,SPI.CBO.073,,,,,,,,,,,,,,,,,,,,
SPI.GRP.MIX.02,,SPI.CBO.073,,,,,,,,,,,,,,,,,,,,
SPI.GRP.XTR,,SPI.CBO.073,,,,,,,,,,,,,,,,,,,,
SPI.CBO.074,The Glenlivet Caribbean Reserve,,,combo,0.0,,Drinks,Menu/Spirits/Whisk(e)y,The Glenlivet Caribbean Reserve,BLUE,Accent,,,,,,,LOCAL,,,Spirits/Whisk(e)y,
SPI.GRP.074,,SPI.CBO.074,,,,,,,,,,,,,,,,,,,,
SPI.GRP.MIX.01,,SPI.CBO.074,,,,,,,,,,,,,,,,,,,,
SPI.GRP.MIX.02,,SPI.CBO.074,,,,,,,,,,,,,,,,,,,,
SPI.GRP.XTR,,SPI.CBO.074,,,,,,,,,,,,,,,,,,,,
SPI.CBO.075,The Glenlivet Whisky,,,combo,0.0,,Drinks,Menu/Spirits/Whisk(e)y,The Glenlivet Whisky,BLUE,Accent,,,,,,,LOCAL,,,Spirits/Whisk(e)y,
SPI.GRP.075,,SPI.CBO.075,,,,,,,,,,,,,,,,,,,,
SPI.GRP.MIX.01,,SPI.CBO.075,,,,,,,,,,,,,,,,,,,,
SPI.GRP.MIX.02,,SPI.CBO.075,,,,,,,,,,,,,,,,,,,,
SPI.GRP.XTR,,SPI.CBO.075,,,,,,,,,,,,,,,,,,,,
SPI.CBO.076,The King's Ginger Liqueur,,,combo,0.0,,Drinks,Menu/Spirits/Liqueur,The King's Ginger Liqueur,BLUE,Accent,,,,,,,LOCAL,,,Spirits/Liqueur,
SPI.GRP.076,,SPI.CBO.076,,,,,,,,,,,,,,,,,,,,
SPI.GRP.MIX.01,,SPI.CBO.076,,,,,,,,,,,,,,,,,,,,
SPI.GRP.MIX.02,,SPI.CBO.076,,,,,,,,,,,,,,,,,,,,
SPI.GRP.XTR,,SPI.CBO.076,,,,,,,,,,,,,,,,,,,,
SPI.CBO.077,Top Cuvee Vermouth,,,combo,0.0,,Drinks,Menu/Spirits/Vermouth,Top Cuvee Vermouth,BLUE,Accent,,,,,,,LOCAL,,,Spirits/Vermouth,
SPI.GRP.077,,SPI.CBO.077,,,,,,,,,,,,,,,,,,,,
SPI.GRP.MIX.01,,SPI.CBO.077,,,,,,,,,,,,,,,,,,,,
SPI.GRP.MIX.02,,SPI.CBO.077,,,,,,,,,,,,,,,,,,,,
SPI.GRP.XTR,,SPI.CBO.077,,,,,,,,,,,,,,,,,,,,
SPI.CBO.078,Velho Barreiro Cachaca,,,combo,0.0,,Drinks,Menu/Spirits/Rum,Velho Barreiro Cachaca,BLUE,Accent,,,,,,,LOCAL,,,Spirits/Rum,
SPI.GRP.078,,SPI.CBO.078,,,,,,,,,,,,,,,,,,,,
SPI.GRP.MIX.01,,SPI.CBO.078,,,,,,,,,,,,,,,,,,,,
SPI.GRP.MIX.02,,SPI.CBO.078,,,,,,,,,,,,,,,,,,,,
SPI.GRP.XTR,,SPI.CBO.078,,,,,,,,,,,,,,,,,,,,
SPI.CBO.079,Woodford Reserve Bourbon,,,combo,0.0,,Drinks,Menu/Spirits/Whisk(e)y,Woodford Reserve Bourbon,BLUE,Accent,,,,,,,LOCAL,,,Spirits/Whisk(e)y,
SPI.GRP.079,,SPI.CBO.079,,,,,,,,,,,,,,,,,,,,
SPI.GRP.MIX.01,,SPI.CBO.079,,,,,,,,,,,,,,,,,,,,
SPI.GRP.MIX.02,,SPI.CBO.079,,,,,,,,,,,,,,,,,,,,
SPI.GRP.XTR,,SPI.CBO.079,,,,,,,,,,,,,,,,,,,,
SPI.CBO.080,Wray & Nephew Overproof Rum,,,combo,0.0,,Drinks,Menu/Spirits/Rum,Wray & Nephew Overproof Rum,BLUE,Accent,,,,,,,LOCAL,,,Spirits/Rum,
SPI.GRP.080,,SPI.CBO.080,,,,,,,,,,,,,,,,,,,,
SPI.GRP.MIX.01,,SPI.CBO.080,,,,,,,,,,,,,,,,,,,,
SPI.GRP.MIX.02,,SPI.CBO.080,,,,,,,,,,,,,,,,,,,,
SPI.GRP.XTR,,SPI.CBO.080,,,,,,,,,,,,,,,,,,,,
SPI.CBO.081,Yellow Chartreuse,,,combo,0.0,,Drinks,Menu/Spirits/Liqueur,Yellow Chartreuse,BLUE,Accent,,,,,,,LOCAL,,,Spirits/Liqueur,
SPI.GRP.081,,SPI.CBO.081,,,,,,,,,,,,,,,,,,,,
SPI.GRP.MIX.01,,SPI.CBO.081,,,,,,,,,,,,,,,,,,,,
SPI.GRP.MIX.02,,SPI.CBO.081,,,,,,,,,,,,,,,,,,,,
SPI.GRP.XTR,,SPI.CBO.081,,,,,,,,,,,,,,,,,,,,
SPI.CBO.001,Absolute Blue,,,combo,0.0,,Drinks,Menu/Spirits/Vodka,Absolute Blue,BLUE,Accent,,,,,,,LOCAL,,,Spirits/Vodka,
SPI.GRP.001,,SPI.CBO.001,,,,,,,,,,,,,,,,,,,,
SPI.GRP.MIX.01,,SPI.CBO.001,,,,,,,,,,,,,,,,,,,,
SPI.GRP.MIX.02,,SPI.CBO.001,,,,,,,,,,,,,,,,,,,,
SPI.GRP.XTR,,SPI.CBO.001,,,,,,,,,,,,,,,,,,,,
SPI.CBO.002,Amaro,,,combo,0.0,,Drinks,Menu/Spirits/Aperitif,Amaro Averna,BLUE,Accent,,,,,,,LOCAL,,,Spirits/Aperitif,
SPI.GRP.002,,SPI.CBO.002,,,,,,,,,,,,,,,,,,,,
SPI.GRP.MIX.01,,SPI.CBO.002,,,,,,,,,,,,,,,,,,,,
SPI.GRP.MIX.02,,SPI.CBO.002,,,,,,,,,,,,,,,,,,,,
SPI.GRP.XTR,,SPI.CBO.002,,,,,,,,,,,,,,,,,,,,
SPI.CBO.003,Ancho Reyes Verde,,,combo,0.0,,Drinks,Menu/Spirits/Liqueur,Ancho Reyes Verde,BLUE,Accent,,,,,,,LOCAL,,,Spirits/Liqueur,
SPI.GRP.003,,SPI.CBO.003,,,,,,,,,,,,,,,,,,,,
SPI.GRP.MIX.01,,SPI.CBO.003,,,,,,,,,,,,,,,,,,,,
SPI.GRP.MIX.02,,SPI.CBO.003,,,,,,,,,,,,,,,,,,,,
SPI.GRP.XTR,,SPI.CBO.003,,,,,,,,,,,,,,,,,,,,
SPI.CBO.004,Antica Classic Sambuca,,,combo,0.0,,Drinks,Menu/Spirits/Aperitif,Antica Classic Sambuca,BLUE,Accent,,,,,,,LOCAL,,,Spirits/Aperitif,
SPI.GRP.004,,SPI.CBO.004,,,,,,,,,,,,,,,,,,,,
SPI.GRP.MIX.01,,SPI.CBO.004,,,,,,,,,,,,,,,,,,,,
SPI.GRP.MIX.02,,SPI.CBO.004,,,,,,,,,,,,,,,,,,,,
SPI.GRP.XTR,,SPI.CBO.004,,,,,,,,,,,,,,,,,,,,
SPI.CBO.005,Aperol,,,combo,0.0,,Drinks,Menu/Spirits/Liqueur,Aperol,BLUE,Accent,,,,,,,LOCAL,,,Spirits/Liqueur,
SPI.GRP.005,,SPI.CBO.005,,,,,,,,,,,,,,,,,,,,
SPI.GRP.MIX.01,,SPI.CBO.005,,,,,,,,,,,,,,,,,,,,
SPI.GRP.MIX.02,,SPI.CBO.005,,,,,,,,,,,,,,,,,,,,
SPI.GRP.XTR,,SPI.CBO.005,,,,,,,,,,,,,,,,,,,,
SPI.CBO.006,Archers Peach Snaps,,,combo,0.0,,Drinks,Menu/Spirits/Liqueur,Archers Peach Snaps,BLUE,Accent,,,,,,,LOCAL,,,Spirits/Liqueur,
SPI.GRP.006,,SPI.CBO.006,,,,,,,,,,,,,,,,,,,,
SPI.GRP.MIX.01,,SPI.CBO.006,,,,,,,,,,,,,,,,,,,,
SPI.GRP.MIX.02,,SPI.CBO.006,,,,,,,,,,,,,,,,,,,,
SPI.GRP.XTR,,SPI.CBO.006,,,,,,,,,,,,,,,,,,,,
SPI.CBO.007,Baileys Liqueur,,,combo,0.0,,Drinks,Menu/Spirits/Liqueur,Baileys Liqueur,BLUE,Accent,,,,,,,LOCAL,,,Spirits/Liqueur,
SPI.GRP.007,,SPI.CBO.007,,,,,,,,,,,,,,,,,,,,
SPI.GRP.MIX.01,,SPI.CBO.007,,,,,,,,,,,,,,,,,,,,
SPI.GRP.MIX.02,,SPI.CBO.007,,,,,,,,,,,,,,,,,,,,
SPI.GRP.XTR,,SPI.CBO.007,,,,,,,,,,,,,,,,,,,,
SPI.CBO.008,Beefeater London Dry Gin,,,combo,0.0,,Drinks,Menu/Spirits/Gin,Beefeater London Dry Gin,BLUE,Accent,,,,,,,LOCAL,,,Spirits/Gin,
SPI.GRP.008,,SPI.CBO.008,,,,,,,,,,,,,,,,,,,,
SPI.GRP.MIX.01,,SPI.CBO.008,,,,,,,,,,,,,,,,,,,,
SPI.GRP.MIX.02,,SPI.CBO.008,,,,,,,,,,,,,,,,,,,,
SPI.GRP.XTR,,SPI.CBO.008,,,,,,,,,,,,,,,,,,,,
SPI.CBO.009,Beefeater Orange,,,combo,0.0,,Drinks,Menu/Spirits/Gin,Beefeater Orange,BLUE,Accent,,,,,,,LOCAL,,,Spirits/Gin,
SPI.GRP.009,,SPI.CBO.009,,,,,,,,,,,,,,,,,,,,
SPI.GRP.MIX.01,,SPI.CBO.009,,,,,,,,,,,,,,,,,,,,
SPI.GRP.MIX.02,,SPI.CBO.009,,,,,,,,,,,,,,,,,,,,
SPI.GRP.XTR,,SPI.CBO.009,,,,,,,,,,,,,,,,,,,,
SPI.CBO.010,Beefeater Peach & Raspberry Gin,,,combo,0.0,,Drinks,Menu/Spirits/Gin,Beefeater Peach & Raspberry Gin,BLUE,Accent,,,,,,,LOCAL,,,Spirits/Gin,
SPI.GRP.010,,SPI.CBO.010,,,,,,,,,,,,,,,,,,,,
SPI.GRP.MIX.01,,SPI.CBO.010,,,,,,,,,,,,,,,,,,,,
SPI.GRP.MIX.02,,SPI.CBO.010,,,,,,,,,,,,,,,,,,,,
SPI.GRP.XTR,,SPI.CBO.010,,,,,,,,,,,,,,,,,,,,
560,El Bandarra,,,combo,0.0,,Drinks,Menu/Spirits/Vermouth,La Bandarra,BLUE,Accent,,,,,,,LOCAL,La Bandarra,,Spirits/Vermouth,
SPI.GRP.022,,560,,,,,,,,,,,,,,,,,,,,
SPI.GRP.MIX.01,,560,,,,,,,,,,,,,,,,,,,,
SPI.GRP.MIX.02,,560,,,,,,,,,,,,,,,,,,,,
SPI.GRP.XTR,,560,,,,,,,,,,,,,,,,,,,,
561,Vida Mezcal,,,combo,0.0,,Drinks,Menu/Spirits/Absinthe - Tequila - Mezcal,Vida Mezcal,LIGHT_RED,Accent,,,30.00000,ML,,,LOCAL,Vida Mezcal,,Spirits/Absinthe - Tequila - Mezcal,
SPI.GRP.053,,561,,,,,,,,,,,,,,,,,,,,
SPI.GRP.MIX.01,,561,,,,,,,,,,,,,,,,,,,,
SPI.GRP.MIX.02,,561,,,,,,,,,,,,,,,,,,,,
SPI.GRP.XTR,,561,,,,,,,,,,,,,,,,,,,,
BEE.CID.CBO.001,Pilsner,,,combo,0.0,,Drinks,Menu/Beer & Cider,Pilsner 🍻,YELLOW,Background,,,,,,,LOCAL,,,Beer/Draught,
BEE.CID.GRP.001,,BEE.CID.CBO.001,,,,,,,,,,,,,,,,,,,,
BEE.CID.CBO.002,Low Rise,,,combo,0.0,,Drinks,Menu/Beer & Cider,Low Rise,DARK_RED,Background,,,,,,,LOCAL,,,Beer/Draught,
BEE.CID.GRP.002,,BEE.CID.CBO.002,,,,,,,,,,,,,,,,,,,,
BEE.CID.CBO.003,XPA Pale,,,combo,0.0,,Drinks,Menu/Beer & Cider,XPA Pale 🍻,ORANGE,Background,,,,,,,LOCAL,,,Beer/Draught,
BEE.CID.GRP.003,,BEE.CID.CBO.003,,,,,,,,,,,,,,,,,,,,
W.CBO.005,Los Conejos Malditos Red,,,combo,0.0,,Drinks,Menu/Wines - Prosecco,Los Conejos Malditos Red,DARK_RED,Background,,,,,,,LOCAL,,,Drinks/Wines,
W.GRP.005,,W.CBO.005,,,,,,,,,,,,,,,,,,,,
SPI.CBO.082,Limoncello,,,combo,0.0,,Drinks,Menu/Spirits/Liqueur,Limoncello,BLUE,Accent,,,,,,,LOCAL,,,Spirits/Liqueur,
SPI.GRP.082,,SPI.CBO.082,,,,,,,,,,,,,,,,,,,,
SPI.GRP.MIX.01,,SPI.CBO.082,,,,,,,,,,,,,,,,,,,,
SPI.GRP.MIX.02,,SPI.CBO.082,,,,,,,,,,,,,,,,,,,,
SPI.GRP.XTR,,SPI.CBO.082,,,,,,,,,,,,,,,,,,,,
1036,Tuesday Game & Drink Deal,,,combo,10.0,,Misc,Menu/Deals,Tuesday Game & Drink Deal,YELLOW,Background,,,,,,,LOCAL,,,,
1037,,1036,,,,,,,,,,,,,,,,,,,,
1039,,1036,,,,,,,,,,,,,,,,,,,,
1040,,1036,,,,,,,,,,,,,,,,,,,,
CTL.CBO.02,2 for £12,,,combo,12.0,,Drinks,,2 for £12,LIGHT_RED,Background,,,,,,,LOCAL,,,,
CTL.GRP.02,,CTL.CBO.02,,,,,,,,,,,,,,,,,,,,
1145,,CTL.CBO.02,,,,,,,,,,,,,,,,,,,,
1059,Cazcabel 3 for £14,,,combo,14.0,,Drinks,"Menu/Deals,Menu/Shots",HOUSE SHOTS 3 for £14,BLUE,Background,,,,,,,LOCAL,,,,
1058,,1059,,,,,,,,,,,,,,,,,,,,
1061,cheap red wine,,,combo,0.0,,Drinks,,cheap red wine,LIGHT_RED,Accent,,,,,,,LOCAL,cheap red wine,,Drinks/Wines,
W.GRP.005,,1061,,,,,,,,,,,,,,,,,,,,
1063,Vida Mezcal l,,,combo,0.0,,Drinks,Menu/Spirits/Absinthe - Tequila - Mezcal,Vida Mezcal l,LIGHT_RED,Accent,,,,,,,LOCAL,Vida Mezcal l,,Spirits/Absinthe - Tequila - Mezcal,
SPI.GRP.053,,1063,,,,,,,,,,,,,,,,,,,,
SPI.GRP.MIX.01,,1063,,,,,,,,,,,,,,,,,,,,
SPI.GRP.MIX.02,,1063,,,,,,,,,,,,,,,,,,,,
SPI.GRP.XTR,,1063,,,,,,,,,,,,,,,,,,,,
1078,3 SHOOTERS FOR 16,,,combo,16.0,,Drinks,"Menu/Deals,Menu/Shots",3 SHOOTERS FOR 16,BLUE,Background,,16.0000,,,,,LOCAL,3 SHOOTERS FOR 16,,,
1077,,1078,,,,,,,,,,,,,,,,,,,,
1083,HAPPY HOUR PINTTT,,,combo,0.0,,Drinks,"Menu/Deals,Menu/Beer & Cider",HAPPY HOUR PINT 🍻,ORANGE,Background,,,,,,,LOCAL,HAPPY HOUR PINT,,,
1082,,1083,,,,,,,,,,,,,,,,,,,,
1085,HAPPY HOUR WINE,,,combo,0.0,,Drinks,Menu/Deals,HAPPY HOUR WINE 🍷,DARK_RED,Background,,,,,,,LOCAL,,,,
1084,,1085,,,,,,,,,,,,,,,,,,,,
1087,HAPPY HOUR WINE BOTTLE,,,combo,0.0,,Drinks,Menu/Deals,HAPPY HOUR WINE BOTTLE 🍾,DARK_RED,Background,,,,,,,LOCAL,,,,
1086,,1087,,,,,,,,,,,,,,,,,,,,
1119,Chin Chin verde,,,combo,0.0,,Drinks,Menu/Wines - Prosecco,Chin Chin verde,GREEN,Accent,,,,,,,LOCAL,Chin Chin verde,,Drinks/Wines,
1118,,1119,,,,,,,,,,,,,,,,,,,,
1123,Beaujolais Nouveau,,,combo,0.0,,Drinks,Menu/Wines - Prosecco,Beaujolais Nouveau,DARK_RED,Accent,,,,,,,LOCAL,,,,
1122,,1123,,,,,,,,,,,,,,,,,,,,
1128,Hanbury spiced cranberry Gin,,,combo,0.0,,Drinks,Menu/Spirits/Gin,Hanbury spiced cranberry Gin,PINK,Accent,,,,,,,LOCAL,Hanbury  spiced cranberry Gin,,Spirits/Gin,
SPI.GRP.036,,1128,,,,,,,,,,,,,,,,,,,,
SPI.GRP.MIX.01,,1128,,,,,,,,,,,,,,,,,,,,
SPI.GRP.MIX.02,,1128,,,,,,,,,,,,,,,,,,,,
SPI.GRP.XTR,,1128,,,,,,,,,,,,,,,,,,,,
1140,Apple cider,,,combo,0.0,,Drinks,Menu/Beer & Cider,Apple cider,PINK,Background,,,,,,,LOCAL,,,,
1139,,1140,,,,,,,,,,,,,,,,,,,,
1186,HAPPY HOUR COCKTAIL 🍹£7,,,combo,7.0,,Drinks,Menu/Deals,HAPPY HOUR COCKTAIL £7 🍹,PINK,Background,,,,,,,LOCAL,,,,
1185,,1186,,,,,,,,,,,,,,,,,,,,
1188,HAPPY HOUR SPIRITS £6 DBL 🥃,,,combo,6.0,,Drinks,Menu/Deals,HAPPY HOUR SPIRITS £6 DBL 🥃,PINK,Background,,,,,,,LOCAL,,,,
1145,,1188,,,,,,,,,,,,,,,,,,,,
1187,,1188,,,,,,,,,,,,,,,,,,,,
1192,JUICES 🍊🍍 🍎,,,combo,0.0,,Drinks,Menu/Softs - Hot Drinks,JUICES 🍊🍍 🍎,YELLOW,Background,,,,,,,LOCAL,,,,
1191,,1192,,,,,,,,,,,,,,,,,,,,
1193,,1192,,,,,,,,,,,,,,,,,,,,
1197,£3 SHOT 💉,,,combo,0.0,,Drinks,Menu/Deals,£3 SHOT 💉,BLACK,Background,,,,,,,LOCAL,,,,
1213,,1197,,,,,,,,,,,,,,,,,,,,
1208,CHIPS & SAUCE,,,combo,5.0,,Food,Menu/Snacks \\/\\/ FOOD 🍗🍟,CHIPS & SAUCE 🍟🥫,DARK_RED,Background,,,,,,,LOCAL,,,,
1209,,1208,,,,,,,,,,,,,,,,,,,,
1212,EXTRA SAUCE 🥫🥫,,,combo,1.0,,Food,Menu/Snacks \\/\\/ FOOD 🍗🍟,EXTRA SAUCE 🥫🥫,DARK_RED,Background,,,,,,,LOCAL,,,,
1209,,1212,,,,,,,,,,,,,,,,,,,,
1220,LOADeD CHIPS 🍟🍟,,,combo,10.0,,Food,Menu/Snacks \\/\\/ FOOD 🍗🍟,LOADeD CHIPS 🍟🍟,YELLOW,Background,,,,,,,LOCAL,,,,
1224,,1220,,,,,,,,,,,,,,,,,,,,
1226,BROWN CRISPS,,,combo,0.0,,Bar Food,Menu/Snacks \\/\\/ FOOD 🍗🍟,BROWN CRISPS 🥔,GREEN,Background,,,,,,,LOCAL,,,,
1227,,1226,,,,,,,,,,,,,,,,,,,,
